DUMMY,Northing,Easting,Elevation,Name
ST4,3127625.64,786023.635,853.263,MJR4
5001,3127753.049,786127.948,880.18,DAM
5002,3127749.493,786132.177,881.079,DAM
5003,3127755.683,786125.348,880.816,DAM
5004,3127757.039,786124.092,881.615,DAM
5005,3127760.56,786119.665,882.537,DAM
5006,3127748.635,786133.214,881.053,DAM
5007,3127766.259,786110.487,879.987,DAM
5008,3127746.226,786135.845,880.785,DAM
5009,3127745.357,786137.279,880.715,DAM
5010,3127744.587,786121.477,875.687,D1
5011,3127744.374,786125.034,877.431,D1
5012,3127745.923,786119.716,877.812,D1
5013,3127743.124,786127.236,877.996,D1
5014,3127740.759,786129.538,878.029,D1
5015,3127747.721,786117.28,878.881,D1
5016,3127739.243,786131.393,877.677,D1
5017,3127750.613,786112.329,878.106,D1
5018,3127736.394,786134.388,877.566,D1
5019,3127733.624,786136.777,876.419,D1
5020,3127738.573,786118.933,874.85,D2
5021,3127734.583,786125.601,876.046,D2
5022,3127736.232,786122.301,875.305,D2
5023,3127731.142,786128.044,875.662,D2
5024,3127727.048,786130.555,875.139,D2
5025,3127725.334,786131.256,875.206,D2
5026,3127742.21,786114.952,877.845,D2
5027,3127748.143,786110.092,877.87,D2
5028,3127729.101,786114.752,874.011,D3
5029,3127731.877,786111.074,874.064,D3
5030,3127733.895,786109.574,875.954,D3
5031,3127724.283,786119.478,873.59,D3
5032,3127736.46,786105.895,876.787,D3
5033,3127720.115,786120.141,873.044,D3
5034,3127741.272,786099.887,875.577,D3
5035,3127721.938,786112.385,871.7,D4
5036,3127719.454,786114.016,871.971,D4
5037,3127717.656,786115.404,872.13,D4
5038,3127716.575,786116.372,872.896,D4
5039,3127724.173,786108.974,872.722,D4
5040,3127726.444,786106.782,873.237,D4
5041,3127727.963,786102.808,874.805,D4
5042,3127730.672,786099.465,874.55,D4
5043,3127725.79,786091.476,871.474,D5
5044,3127722.245,786094.154,871.674,D5
5045,3127719.024,786097.394,872.492,D5
5046,3127717.317,786099.699,871.466,D5
5047,3127714.345,786102.247,870.495,D5
5048,3127714.726,786103.717,869.428,D5
5049,3127709.094,786107.29,871.898,D5
5050,3127706.933,786109.275,873.756,D5
5051,3127703.813,786112.29,872.841,D5
5052,3127718.077,786089.864,870.92,D6
5053,3127715.137,786091.862,871.877,D6
5054,3127711.896,786093.528,869.877,D6
5055,3127710.266,786094.808,869.264,D6
5056,3127707.468,786097.013,867.994,D6
5057,3127703.653,786104.74,871.871,D6
5058,3127700.249,786106.703,871.525,D6
5059,3127712.963,786081.84,869.26,D7
5060,3127710.357,786083.103,869.541,D7
5061,3127707.164,786084.728,868.073,D7
5062,3127705.226,786086.042,866.66,D7
5063,3127701.801,786085.902,866.091,D7
5064,3127697.808,786092.109,869.125,D7
5065,3127690.175,786094.548,869.065,D7
5066,3127686.868,786097.183,869.118,D7
5067,3127709.334,786074.564,868.19,D8
5068,3127706.212,786075.618,868.106,D8
5069,3127705.078,786075.974,866.647,D8
5070,3127702.71,786077.355,865.321,D8
5071,3127699.669,786077.62,865.033,D8
5072,3127685.566,786091.476,868.331,D8
5073,3127683.613,786093.741,868.542,D8
5074,3127679.159,786084.813,867.264,D9
5075,3127683.308,786082.367,867.376,D9
5076,3127691.444,786074.485,864.673,D9
5077,3127695.058,786072.586,864.649,D9
5078,3127698.215,786071.35,864.836,D9
5079,3127700.001,786070.506,865.684,D9
5080,3127702.966,786067.749,866.496,D9
5081,3127705.371,786064.987,866.431,D9
5082,3127702.579,786056.675,864.466,D10
5083,3127758.738,786126.289,881.603,D10
5084,3127761.378,786126.112,883.046,D10
5085,3127764.509,786126.998,883.741,D10
5086,3127753.938,786124.209,880.574,D10
5087,3127752.813,786123.738,879.588,D10
5088,3127759.221,786123.39,882.398,D10
5089,3127764.397,786124.296,883.562,D10
5090,3127761.697,786123.168,883.104,D10
ST2,3127780.44,786104.776,880.932,MJR4
5091,3127757.485,786123.03,881.893,CANAL
5092,3127756.244,786122.911,881.019,CANAL
5093,3127756.975,786120.057,881.595,CANAL
5094,3127759.456,786119.175,882.203,CANAL
5095,3127755.069,786121.23,880.85,CANAL
5096,3127753.571,786121.644,880.369,CANAL
5097,3127754.609,786118.529,880.535,CANAL
5098,3127756.542,786117.607,880.916,CANAL
5099,3127758.455,786117.587,880.733,CANAL
5100,3127752.757,786120.563,880.187,CANAL
5101,3127751.636,786120.765,879.284,CANAL
5102,3127752.547,786115.738,879.315,CANAL
5103,3127754.569,786115.041,878.938,CANAL
5104,3127758.044,786112.948,878.566,CANAL
5105,3127749.527,786117.409,877.662,CANAL
5106,3127748.68,786118.42,877.307,CANAL
5107,3127745.746,786109.826,876.377,CANAL
5108,3127748.712,786109.286,875.957,CANAL
5109,3127752.247,786108.978,875.927,CANAL
5110,3127742.023,786110.077,876.375,CANAL
5111,3127738.951,786110.417,875.632,CANAL
5112,3127745.186,786103.409,875.292,CANAL
5113,3127748.864,786102.646,875.258,CANAL
5114,3127753.258,786102.067,875.142,CANAL
5115,3127743.101,786103.155,874.699,CANAL
5116,3127739.536,786102.633,874.457,CANAL
5117,3127750.422,786095.529,874.51,CANAL
5118,3127754.077,786094.756,874.294,CANAL
5119,3127756.625,786095.374,874.235,CANAL
5120,3127746.822,786096.292,874.159,CANAL
5121,3127743.433,786096.334,873.682,CANAL
5122,3127756.262,786088.244,873.892,CANAL
5123,3127758.252,786090.343,873.824,CANAL
5124,3127760.745,786093.01,873.77,CANAL
5125,3127753.917,786086.351,873.814,CANAL
5126,3127752.946,786085.765,873.212,CANAL
5127,3127764.894,786082.69,873.108,CANAL
5128,3127766.025,786085.768,873.166,CANAL
5129,3127767.088,786087.498,874.992,CANAL
5130,3127761.966,786080.417,875.016,CANAL
ST1,3127792.629,786178.044,892.693,MJR1
5131,3127775.425,786076.358,873.603,CANAL
5132,3127776.079,786078.32,874.211,CANAL
5133,3127776.363,786081.208,876.272,CANAL
5134,3127774.1,786074.995,873.912,CANAL
5135,3127773.455,786073.279,873.582,CANAL
5136,3127777.837,786075.223,873.175,CANAL
5137,3127778.727,786077.457,873.377,CANAL
5138,3127779.266,786078.926,873.771,CANAL
5139,3127776.225,786073.647,872.918,CANAL
5140,3127774.739,786070.97,872.508,CANAL
5141,3127779.915,786069.235,872.602,CANAL
5142,3127781.835,786067.651,872.77,CANAL
5143,3127782.831,786066.011,872.514,CANAL
5144,3127777.722,786069.161,872.526,CANAL
5145,3127776.509,786069.646,872.378,CANAL
5146,3127774.36,786069.896,872.463,CANAL
5147,3127772.221,786064.526,872.217,CANAL
5148,3127771.992,786062.414,872.398,CANAL
5149,3127771.275,786068.928,872.228,CANAL
5150,3127770.495,786071.476,872.512,CANAL
5151,3127766.468,786063.412,871.904,CANAL
5152,3127767.95,786061.391,871.869,CANAL
5153,3127768.915,786060.444,871.719,CANAL
5154,3127768.309,786067.18,872.021,CANAL
5155,3127768.534,786069.099,872.133,CANAL
5156,3127762.831,786062.472,871.523,CANAL
5157,3127763.389,786060.584,871.265,CANAL
5158,3127764.667,786058.341,870.932,CANAL
5159,3127763.592,786066.213,871.42,CANAL
5160,3127763.824,786067.455,871.632,CANAL
5161,3127727.879,786022.184,864.169,MJR 3
5162,3127754.878,786060.99,870.554,CANAL
5163,3127754.614,786058.892,870.122,CANAL
5164,3127752.242,786055.7,869.885,CANAL
5165,3127754.672,786063.869,870.565,CANAL
5166,3127754.272,786067.72,870.636,CANAL
5167,3127748.596,786060.864,869.732,CANAL
5168,3127748.215,786057.556,869.439,CANAL
5169,3127748.401,786054.318,869.018,CANAL
5170,3127747.664,786063.888,869.697,CANAL
5171,3127748.059,786066.891,870.206,CANAL
5172,3127742.649,786058.989,869.043,CANAL
5173,3127742.864,786055.625,868.426,CANAL
5174,3127741.814,786052.3,867.764,CANAL
5175,3127742.437,786061.858,869.125,CANAL
5176,3127743.612,786065.271,869.084,CANAL
5177,3127734.422,786055.561,868.228,CANAL
5178,3127733.881,786051.673,867.751,CANAL
5179,3127733.516,786058.633,868.266,CANAL
5180,3127733.468,786058.681,868.274,CANAL
5181,3127733.009,786061.62,868.462,CANAL
5182,3127729.295,786054.119,867.784,CANAL
5183,3127731.135,786053.26,867.856,CANAL
5184,3127733.025,786052.772,867.85,CANAL
5185,3127727.199,786054.941,867.403,CANAL
5186,3127725.373,786054.957,867.237,CANAL
5187,3127729.519,786046.997,866.46,CANAL
5188,3127732.183,786046.883,866.913,CANAL
5189,3127733.138,786046.663,866.999,CANAL
5190,3127727.687,786046.6,866.382,CANAL
5191,3127726.056,786046.548,866.361,CANAL
5192,3127731.221,786040.12,865.029,CANAL
5193,3127732.895,786039.183,865.185,CANAL
5194,3127735.924,786038.895,865.25,CANAL
5195,3127729.37,786040.903,865.083,CANAL
5196,3127728.512,786040.076,863.937,CANAL
3001,3127726.801,786046.643,866.275,FRB
3002,3127726.026,786045.377,866.238,FRB
3003,3127729.005,786049.979,866.827,FRB
3004,3127727.23,786044.122,866.153,FRB
3005,3127730.599,786051.396,867.25,FRB
3006,3127726.782,786043.221,865.849,FRB
3007,3127733.163,786052.295,867.852,FRB
3008,3127728.055,786042.644,865.768,FRB
3009,3127732.779,786050.28,867.505,FRB
3010,3127728.235,786042.155,865.192,FRB
3011,3127732.6,786047.782,867.003,FRB
3012,3127730.632,786042.758,865.653,FRB
3013,3127733.077,786046.517,866.933,FRB
3014,3127734.05,786043.173,865.755,FRB
3015,3127736.048,786040.883,865.687,FRB
3016,3127740.421,786049.12,867.183,FRB
3017,3127736.247,786038.517,865.181,FRB
3018,3127740.458,786049.102,867.194,FRB
3019,3127741.653,786053.659,868.032,FRB
3020,3127738.479,786040.821,865.776,FRB
3021,3127741.654,786053.593,868.03,FRB
3022,3127740.902,786044.922,866.476,FRB
3023,3127744.143,786051.581,868.205,FRB
3024,3127745.013,786045.248,866.747,FRB
3025,3127746.798,786051.356,868.192,FRB
3026,3127747.177,786044.239,866.601,FRB
3027,3127749.81,786051.072,868.456,FRB
3028,3127745.569,786040.514,865.858,FRB
3029,3127745.386,786037.306,865.399,FRB
3030,3127750.584,786047.49,867.863,FRB
3031,3127745.391,786037.253,865.37,FRB
3032,3127752.503,786045.803,867.13,FRB
3033,3127747.76,786037.092,865.238,FRB
3034,3127748.669,786037.134,864.809,FRB
3035,3127756.905,786044.805,867.639,FRB
3036,3127750.937,786039.32,865.601,FRB
3037,3127760.602,786047.844,868.791,FRB
3038,3127753.779,786040.346,866.269,FRB
3039,3127765.485,786051.658,869.88,FRB
3040,3127753.981,786037.778,866.26,FRB
3041,3127765.789,786045.413,868.191,FRB
3042,3127753.724,786037.405,865.486,FRB
3043,3127766.804,786043.898,867.843,FRB
3044,3127756.862,786038.383,866.466,FRB
3045,3127764.862,786042.9,867.629,FRB
3046,3127756.937,786037.536,865.425,FRB
3047,3127766.551,786041.24,867.22,FRB
3048,3127756.909,786037.8,865.877,FRB
3049,3127766.394,786040.978,867.297,FRB
3050,3127759.3,786039.665,866.182,FRB
3051,3127767.028,786044.504,867.911,FRB
3052,3127760.914,786038.177,865.543,FRB
3053,3127768.68,786045.024,867.91,FRB
3054,3127760.957,786037.81,864.802,FRB
3055,3127770.806,786044.444,868.114,FRB
3056,3127763.75,786038.531,866.468,FRB
3057,3127771.609,786046.359,868.333,FRB
3058,3127763.616,786037.881,865.67,FRB
3059,3127773.931,786045.675,868.381,FRB
3060,3127764.352,786041.723,867.269,FRB
3061,3127776.477,786045.284,868.342,FRB
3062,3127766.915,786039.384,867.303,FRB
3063,3127774.829,786043.388,867.934,FRB
3064,3127769.855,786038.413,866.41,FRB
3065,3127773.578,786041.961,867.611,FRB
3066,3127768.837,786037.839,865.343,FRB
3067,3127779.382,786045.977,868.367,FRB
3068,3127774.331,786040.658,867.034,FRB
3069,3127780.854,786045.09,868.409,FRB
3070,3127778.379,786040.918,867.751,FRB
3071,3127780.308,786043.929,868.246,FRB
3072,3127779.264,786039.198,866.987,FRB
3073,3127778.959,786043.415,867.85,FRB
3074,3127780.883,786041.632,868.585,FRB
3075,3127783.824,786039.614,866.984,FRB
3076,3127783.724,786041.688,868.14,FRB
3077,3127784.748,786038.883,866.166,FRB
3078,3127786.842,786039.693,867.022,FRB
3079,3127784.48,786049.302,869.246,FRB
3080,3127786.792,786039.25,866.225,FRB
3081,3127789.175,786048.665,869.832,FRB
3082,3127790.083,786040.01,867.042,FRB
3083,3127797.408,786048.659,869.504,FRB
3084,3127790.089,786039.193,866.045,FRB
3085,3127803.621,786046.611,869.357,FRB
3086,3127792.58,786039.998,867.035,FRB
3087,3127792.668,786039.311,866.116,FRB
3088,3127805.582,786046.256,871.088,FRB
3089,3127796.012,786040.088,867.043,FRB
3090,3127805.403,786045.264,870.416,FRB
3091,3127796.039,786039.44,866.153,FRB
3092,3127807.795,786045.984,871.259,FRB
3093,3127799.659,786040.428,867.039,FRB
3094,3127810.139,786044.872,870.232,FRB
3095,3127800.112,786039.557,866.029,FRB
3096,3127810.245,786042.328,869.527,FRB
3097,3127803.771,786040.273,867.099,FRB
3098,3127807.56,786041.839,868.342,FRB
3099,3127804.588,786036.742,867.022,FRB
3100,3127810.882,786039.201,867.887,FRB
3101,3127804.215,786036.622,866.25,FRB
3102,3127801.78,786036.363,866.283,FRB
3103,3127810.063,786037.158,866.567,FRB
3104,3127805.222,786021.836,864.39,FRB
3105,3127797.468,786021.381,864.598,FRB
3106,3127792.587,786021.282,864.399,FRB
3107,3127790.34,786038.786,866.098,FRB
3108,3127788.522,786020.531,864.402,FRB
3109,3127787.299,786037.762,865.101,FRB
3110,3127783.926,786020.288,864.346,FRB
3111,3127787.111,786036.791,864.251,FRB
3112,3127780.731,786020.049,864.187,FRB
3113,3127777.4,786020.027,864.265,FRB
3114,3127777.488,786022.964,864.361,FRB
3115,3127782.087,786037.133,864.661,FRB
3116,3127772.598,786019.955,864.3,FRB
3117,3127778.72,786036.613,864.431,FRB
3118,3127762.391,786019.988,864.413,FRB
3119,3127774.975,786036.399,864.327,FRB
3120,3127753.731,786019.995,864.326,FRB
3121,3127772.264,786035.563,863.86,FRB
3122,3127742.696,786019.686,864.144,FRB
3123,3127769.409,786035.179,863.895,FRB
3124,3127735.602,786019.629,864.224,FRB
3125,3127766.235,786035.207,863.782,FRB
3126,3127722.955,786025.239,864.216,FRB
3127,3127724.779,786027.404,864.121,FRB
3128,3127721.895,786028.842,863.9,FRB
3129,3127718.273,786029.986,863.473,FRB
3130,3127712.804,786033.019,863.477,FRB
3131,3127715.169,786036.964,863.675,FRB
3132,3127763.321,786035.553,863.829,FRB
3133,3127759.39,786035.773,863.798,FRB
3134,3127755.916,786035.602,863.788,FRB
3135,3127752.037,786035.516,863.762,FRB
3136,3127748.56,786035.623,863.766,FRB
3137,3127741.932,786035.676,863.716,FRB
3138,3127738.099,786036.28,863.715,FRB
3139,3127735.117,786037.109,863.697,FRB
3140,3127730.863,786036.896,863.753,FRB
3141,3127729.111,786031.862,863.765,FRB
3142,3127726.339,786027.021,863.832,FRB
3143,3127732.682,786028.202,863.704,FRB
3144,3127736.381,786029.284,863.702,FRB
3145,3127739.516,786029.318,863.703,FRB
3146,3127740.472,786030.435,863.672,FRB
3147,3127743.571,786029.148,863.668,FRB
3148,3127745.77,786027.245,863.714,FRB
3149,3127746.791,786025.061,863.758,FRB
3150,3127748.218,786022.004,863.863,FRB
3151,3127750.821,786021.265,863.863,FRB
3152,3127753.36,786023.612,863.794,FRB
ST 2,,,,MJR 2
ST 3,3127727.891,786022.205,864.208,MJR 3
3153,3127711.301,786035.557,862.757,FRB
3154,3127708.734,786035.65,862.617,FRB
3155,3127706.762,786035.158,862.528,FRB
3156,3127704.373,786034.909,862.263,FRB
3157,3127702.151,786033.623,862.123,FRB
3158,3127705.193,786039.521,863.274,FRB
3159,3127707.007,786039.296,863.111,FRB
3160,3127709.337,786037.992,862.891,FRB
3161,3127712.366,786037.883,863.285,FRB
3162,3127714.707,786037.485,863.67,FRB
3163,3127717.778,786029.547,862.875,PEN
3164,3127715.861,786030.371,862.49,PEN
3165,3127714.4,786030.503,862.552,PEN
3166,3127711.283,786031.032,862.185,PEN
3167,3127708.499,786030.129,862.075,PEN
3168,3127705.46,786028.927,862.085,PEN
3169,3127717.239,786025.628,861.609,PEN
3170,3127719.341,786026.493,863.386,PEN
3171,3127719.475,786026.469,863.386,PEN
3172,3127714.32,786023.861,861.232,PEN
3173,3127712.834,786022.16,861.277,PEN
3174,3127710.319,786020.278,861.217,PEN
3175,3127717.803,786017.263,860.478,PEN
3176,3127720.446,786019.134,860.292,PEN
3177,3127724.167,786020.462,862.084,PEN
3178,3127715.532,786016.249,860.777,PEN
3179,3127710.441,786012.468,860.578,PEN
3180,3127719.269,786011.517,859.513,PEN
3181,3127724.119,786013.475,859.199,PEN
3182,3127729.346,786014.323,859.267,PEN
3183,3127715.531,786009.764,858.797,PEN
3184,3127710.486,786006.399,858.958,PEN
3185,3127720.943,786005.171,857.592,PEN
3186,3127725.543,786004.675,857.338,PEN
3187,3127729.414,786004.178,857.806,PEN
3188,3127734.199,786005.109,860.49,PEN
3189,3127717.524,786006.219,858.702,PEN
3190,3127713.475,786006.872,858.696,PEN
3191,3127713.48,786005.543,858.711,PEN
3192,3127721.213,785998.808,854.58,PEN
3193,3127723.898,785998.126,854.492,PEN
3194,3127727.531,785997.606,855.143,PEN
3195,3127731.184,785995.79,855.722,PEN
3196,3127716.764,785999.823,855.187,PEN
3197,3127716.153,785999.79,856.313,PEN
3198,3127712.586,786000.605,857.191,PEN
3199,3127720.499,785992.631,855.153,PEN
3200,3127722.715,785992.074,855.388,PEN
3201,3127727.196,785989.596,856.872,PEN
3202,3127715.802,785993.026,854.701,PEN
3203,3127712.882,785993.547,855.213,PEN
3204,3127707.647,785994.456,855.541,PEN
3205,3127720.191,785982.345,854.011,PEN
3206,3127725.968,785981.708,856.698,PEN
3207,3127722.602,785981.11,854.679,PEN
3208,3127714.996,785983.694,853.957,PEN
3209,3127710.977,785984.741,854.312,PEN
3210,3127707.022,785984.723,853.165,PEN
3211,3127718.821,785973.602,852.949,PEN
3212,3127722.312,785972.45,853.238,PEN
3213,3127727.394,785972.803,854.371,PEN
3214,3127714.33,785972.849,852.898,PEN
3215,3127709.832,785972.949,853.049,PEN
3216,3127704.475,785974.303,851.967,PEN
3217,3127719.276,785965.078,851.916,PEN
3218,3127722.714,785964.783,852.113,PEN
3219,3127727.577,785965.276,852.293,PEN
3220,3127714.373,785964.278,851.719,PEN
3221,3127710.298,785964.194,851.891,PEN
3222,3127706.408,785964.99,850.402,PEN
3223,3127703.35,785968.077,850.181,PEN
3224,3127721.461,785953.418,850.827,PEN
3225,3127725.723,785954.445,851.513,PEN
3226,3127728.365,785954.802,851.795,PEN
3227,3127715.711,785953.567,850.109,PEN
3228,3127711.044,785952.98,850.056,PEN
3229,3127708.155,785952.918,850.313,PEN
3230,3127723.722,785942.602,849.796,PEN
3231,3127718.997,785942.094,848.762,PEN
3232,3127712.866,785942.692,848.655,PEN
3233,3127709.041,785941.758,849.068,PEN
3234,3127704.15,785938.018,846.633,PEN
3235,3127727.199,785924.294,847.6,PEN
3236,3127724.752,785923.481,846.829,PEN
3237,3127719.008,785922.886,848.139,PEN
3238,3127714.942,785922.121,846.935,PEN
3239,3127728.619,785915.4,846.53,PEN
3240,3127725.409,785913.854,845.779,PEN
3241,3127733.817,785915.531,845.122,PEN
3242,3127718.09,785912.406,845.802,PEN
3243,3127737.478,785916.09,845.215,PEN
3244,3127742.644,785916.942,845.437,PEN
3245,3127731.568,785905.878,845.457,PEN
3246,3127736.63,785906.777,845.332,PEN
3247,3127740.656,785907.085,845.501,PEN
3248,3127744.37,785906.749,845.527,PEN
3249,3127728.281,785905.581,845.324,PEN
3250,3127723.64,785905.996,845.281,PEN
3251,3127732.89,785896.211,844.699,PEN
3252,3127736.843,785896.995,844.663,PEN
3253,3127740.322,785897.465,844.907,PEN
3254,3127743.317,785897.12,844.945,PEN
3255,3127728.576,785894.998,844.605,PEN
3256,3127724.5,785895.402,844.52,PEN
3257,3127719.358,785896.003,844.904,PEN
3258,3127728.78,785893.599,844.488,PH
3259,3127727.067,785893.933,844.697,PH
3260,3127725.123,785891.214,844.729,PH
3261,3127721.903,785891.655,844.794,PH
3262,3127720.524,785892.144,843.964,PH
3263,3127719.228,785892.495,844.856,PH
3264,3127717.402,785889.063,844.548,PH
3265,3127714.836,785890.398,843.617,PH
3266,3127714.504,785887.962,843.601,PH
3267,3127711.313,785889.599,843.547,PH
3268,3127711.113,785893.929,843.594,PH
3269,3127711.168,785897.509,843.558,PH
3270,3127714.088,785896.56,843.575,PH
3271,3127712.765,785901.859,843.589,PH
3272,3127713.478,785903.878,844.417,PH
3273,3127713.852,785905.808,844.213,PH
3274,3127716.572,785905.431,844.246,PH
3275,3127716.534,785902.358,844.461,PH
3276,3127719.459,785901.271,844.379,PH
3277,3127719.742,785903.73,844.28,PH
3278,3127719.427,785905.974,844.167,PH
3279,3127724.195,785906.623,845.136,PH
3280,3127727.417,785906.795,845.259,PH
3281,3127728.936,785906.183,845.094,PH
3282,3127728.887,785903.466,844.839,PH
3283,3127726.113,785902.37,844.87,PH
3284,3127723.745,785900.743,844.721,PH
3285,3127723.572,785897.839,844.706,PH
3286,3127726.562,785897.045,844.655,PH
3287,3127729.056,785896.219,844.626,PH
3288,3127729.242,785894.286,844.46,PH
3289,3127726.115,785894.491,844.588,PH
3290,3127728.721,785890.383,843.945,PH
3291,3127725.34,785889.944,844.816,PH
3292,3127722.186,785889.434,844.874,PH
3293,3127720.805,785888.119,845.19,PH
3294,3127719.241,785886.289,844.648,PH
3295,3127718.367,785886.382,845.71,PH
3296,3127721.66,785883.572,844.478,PH
3297,3127724.413,785881.566,844.455,PH
3298,3127727.179,785879.129,844.92,PH
3299,3127724.084,785877.217,844.956,PH
3300,3127730.914,785877.333,845.176,PH
3301,3127733.642,785877.571,846.136,PH
3302,3127731.162,785880.184,844.875,PH
3303,3127733.28,785880.255,845.506,PH
3304,3127735.675,785880.129,845.211,PH
3305,3127735.742,785878.165,845.205,PH
3306,3127737.122,785878.168,845.317,PH
3307,3127737.975,785878.425,845.319,PH
3308,3127738.114,785879.018,845.392,PH
3309,3127739.493,785878.448,845.827,PH
3310,3127739.516,785880.226,845.94,PH
3311,3127738.881,785880.249,845.634,PH
3312,3127739.378,785881.398,845.764,PH
3313,3127738.339,785881.6,845.353,PH
3314,3127740.934,785882.644,845.887,PH
3315,3127739.884,785884.324,845.482,PH
3316,3127737.292,785883.741,845.235,PH
3317,3127735.245,785883.051,845.16,PH
3318,3127743.211,785882.983,845.821,PH
3319,3127743.077,785884.534,845.507,PH
3320,3127742.743,785886.74,845.47,PH
3321,3127740.375,785886.597,845.483,PH
3322,3127738.116,785886.65,845.246,PH
3323,3127735.193,785886.862,845.024,PH
3324,3127733.351,785887.082,845.019,PH
3325,3127733.484,785888.579,844.812,PH
3326,3127733.622,785890.016,844.603,PH
3327,3127735.946,785890.397,844.835,PH
3328,3127735.54,785892.171,844.73,PH
3329,3127733.996,785892.948,844.611,PH
3330,3127733.571,785894.627,844.654,PH
3331,3127735.227,785896.077,844.716,PH
3332,3127737.042,785896.816,844.657,PH
3333,3127738.024,785894.597,844.695,PH
3334,3127740.225,785897.137,844.962,PH
3335,3127740.615,785895.825,844.829,PH
3336,3127740.736,785896.495,844.85,PH
3337,3127740.099,785900.985,845.359,PH
3338,3127744.156,785903.401,845.508,PH
3339,3127744.265,785908.725,845.557,PH
3340,3127744.453,785912.282,845.482,PH
3341,3127736.682,785912.685,845.129,PH
3342,3127730.725,785912.247,845.296,PH
3343,3127729.356,785911.99,846.325,PH
3344,3127735.328,785907.29,845.204,PH
3345,3127732.987,785905.958,845.012,PH
3346,3127734.619,785902.059,845.42,PH
3347,3127734.47,785901.231,844.736,PH
3348,3127743.123,785896.508,844.767,PH
3349,3127744.191,785893.264,844.776,PH
3350,3127746.596,785896.774,845.087,PH
3351,3127746.033,785893.609,845.22,PH
3352,3127745.492,785889.854,845.158,PH
3353,3127746.237,785885.759,845.562,PH
3354,3127746.929,785883.777,845.606,PH
3355,3127761.705,785882.501,846.381,PH
3356,3127765.311,785884.156,846.799,PH
3357,3127771.876,785886.328,847.003,PH
3358,3127772.089,785879.203,846.802,PH
3359,3127777.294,785877.889,846.802,PH
3360,3127777.754,785874.465,847.472,PH
3361,3127773.579,785873.532,847.513,PH
3362,3127768.601,785873.588,847.713,PH
3363,3127765.232,785874.135,847.749,PH
3364,3127763.714,785874.885,846.843,PH
3365,3127761.636,785873.994,847.507,PH
3366,3127760.606,785871.165,847.255,PH
3367,3127764.365,785870.902,847.394,PH
3368,3127770.42,785869.62,847.231,PH
3369,3127775.312,785868.823,847.091,PH
3370,3127779.642,785868.516,847.469,PH
3371,3127783.084,785864.086,847.844,PH
3372,3127780.753,785863.163,847.916,PH
3373,3127783.754,785862.274,847.87,PH
3374,3127789.841,785860.47,848.379,PH
3375,3127789.589,785857.349,848.491,PH
3376,3127791.388,785854.48,848.425,PH
3377,3127788.377,785853.5,848.762,PH
3378,3127785.57,785851.935,848.775,PH
3379,3127783.597,785853.906,848.482,PH
3380,3127785.392,785856.375,848.258,PH
3381,3127784.996,785859.301,848.358,PH
3382,3127780.763,785858.981,848.13,PH
3383,3127778.268,785861.936,847.819,PH
3384,3127773.841,785864.099,847.534,PH
3385,3127769.553,785864.796,847.63,PH
3386,3127771.838,785860.433,848.219,PH
3387,3127768.713,785858.531,848.002,PH
3388,3127772.535,785854.789,848.133,PH
3389,3127776.916,785850.061,848.239,PH
3390,3127770.843,785847.592,848.456,PH
3391,3127764.502,785844.466,848.465,PH
3392,3127762.334,785848.682,848.091,PH
3393,3127758.888,785845.711,848.108,PH
3394,3127757.078,785849.958,847.871,PH
3395,3127757.373,785855.269,847.695,PH
3396,3127756.605,785860.025,847.511,PH
3397,3127755.714,785866.11,847.156,PH
3398,3127757.434,785869.147,847.547,PH
3399,3127753.27,785870.268,847.039,PH
3400,3127753.323,785874.215,847.41,PH
3401,3127750.27,785874.339,847.427,PH
3402,3127748.94,785867.707,846.883,PH
3403,3127751.973,785861.053,847.285,PH
3404,3127748.779,785861.16,847.177,PH
3405,3127750.187,785856.131,847.383,PH
3406,3127756.188,785851.193,847.802,PH
3407,3127757.832,785845.296,848.086,PH
3408,3127757.961,785840.099,848.457,PH
3409,3127751.083,785838.377,847.997,PH
3410,3127746.514,785838.599,847.742,PH
3411,3127740.03,785835.042,848.122,PH
3412,3127741.194,785838.929,847.136,PH
3413,3127742.283,785847.375,847.145,PH
3414,3127742.45,785859.036,847.013,PH
3415,3127734.124,785860.38,846.445,PH
3416,3127731.478,785848.632,846.481,PH
3417,3127729.299,785837.185,847.231,PH
3418,3127725.342,785838.523,846.901,PH
3419,3127721.829,785837.961,846.954,PH
3420,3127717.232,785839.841,846.924,PH
3421,3127719.939,785843.291,847.16,PH
3422,3127719.816,785846.933,846.315,PH
3423,3127717.816,785849.715,845.806,PH
3424,3127716.9,785853.482,845.535,PH
3425,3127722.002,785855.972,846.285,PH
3426,3127719.785,785859.288,845.201,PH
3427,3127719.026,785864.341,845.337,PH
3428,3127723.193,785863.551,845.691,PH
3429,3127725.949,785861.191,846.49,PH
3430,3127728.19,785864.964,846.512,PH
3431,3127730.471,785862.132,846.785,PH
3432,3127732.126,785867.064,846.095,PH
3433,3127734.765,785872.287,846.012,PH
3434,3127737.5,785872.895,846.006,PH
3435,3127740.073,785873.792,846.563,PH
3436,3127740.69,785875.856,846.146,PH
3437,3127736.926,785876.208,845.481,PH
3438,3127734.072,785875.386,845.959,PH
3439,3127728.98,785871.97,845.727,PH
3440,3127730.578,785877.389,845.205,PH
3441,3127723.264,785878.57,844.91,PH
3442,3127717.446,785883.171,844.667,PH
3443,3127720.826,785887.472,845.226,PH
3444,3127716.818,785876.576,844.449,PH
3445,3127721.69,785892.179,844.591,PH
3446,3127717.761,785890.253,843.775,PH
3447,3127705.892,785883.944,843.522,PH
3448,3127704.302,785946.12,848.649,SH
3449,3127709.223,785940.422,848.831,SH
3450,3127709.163,785940.45,848.843,SH
3451,3127705.535,785907.82,844.293,SH
3452,3127701.49,785941.159,847.898,SH
3453,3127704.371,785946.137,848.651,SH
3454,3127704.362,785946.11,848.645,SH
5197,3127757.862,786123.515,882.123,CONTOUR
5198,3127756.617,786123.294,881.038,CONTOUR
5199,3127756.838,786121.96,881.361,CONTOUR
5200,3127755.908,786121.795,881.027,CONTOUR
5201,3127755.519,786122.409,880.577,CONTOUR
5202,3127755.306,786120.05,880.976,CONTOUR
5203,3127754.892,786118.994,880.82,CONTOUR
5204,3127753.944,786120.36,880.737,CONTOUR
5205,3127753.579,786120.664,880.348,CONTOUR
5206,3127754.092,786118.423,880.126,CONTOUR
5207,3127755.054,786116.729,880.595,CONTOUR
5208,3127758.367,786118.325,881.62,CONTOUR
5209,3127759.948,786119.436,882.353,CONTOUR
5210,3127760.414,786121.414,882.445,CONTOUR
5211,3127760.724,786123.795,882.722,CONTOUR
5212,3127761.699,786126.186,883.142,CONTOUR
5213,3127761.319,786126.595,882.385,CONTOUR
5214,3127763.776,786127.233,883.474,CONTOUR
5215,3127765.438,786125.111,883.803,CONTOUR
5216,3127763.022,786123.258,883.538,CONTOUR
5217,3127766.024,786121.806,883.135,CONTOUR
5218,3127767.903,786120.927,882.996,CONTOUR
5219,3127768.927,786124.688,884.052,CONTOUR
5220,3127770.357,786123.137,883.836,CONTOUR
5221,3127771.889,786124.9,884.131,CONTOUR
5222,3127773.908,786122.766,884.022,CONTOUR
5223,3127770.336,786126.696,884.273,CONTOUR
5224,3127768.993,786129.464,884.238,CONTOUR
5225,3127767.807,786131.617,884.21,CONTOUR
5226,3127767.534,786132.1,883.847,CONTOUR
5227,3127769.538,786134.099,883.921,CONTOUR
5228,3127771.383,786132.552,884.661,CONTOUR
5229,3127776.588,786128.748,884.801,CONTOUR
5230,3127776.592,786128.748,884.801,CONTOUR
5231,3127778.174,786126.556,884.681,CONTOUR
5232,3127778.459,786130.119,884.968,CONTOUR
5233,3127776.976,786132.207,885.068,CONTOUR
5234,3127775.511,786135.622,885.153,CONTOUR
5235,3127774.402,786136.917,885.36,CONTOUR
5236,3127776.05,786139.588,886.282,CONTOUR
5237,3127775.232,786140.33,885.661,CONTOUR
5238,3127778.886,786137.686,885.333,CONTOUR
5239,3127781.445,786135.661,885.412,CONTOUR
5240,3127777.861,786142.049,886.633,CONTOUR
5241,3127777.249,786142.465,886.473,CONTOUR
5242,3127742.299,786131.881,879.804,CONTOUR
5243,3127741.904,786133.292,879.267,CONTOUR
5244,3127744.472,786134.356,880.255,CONTOUR
5245,3127743.775,786136.847,880.223,CONTOUR
5246,3127758.954,786119.446,882.185,CONTOUR
5247,3127754.27,786117.998,880.17,CONTOUR
5248,3127748.953,786117.816,879.178,CONTOUR
5249,3127748.076,786118.38,878.475,CONTOUR
5250,3127746.699,786116.445,878.524,CONTOUR
5251,3127763.434,786110.466,879.397,CONTOUR
5252,3127745.479,786116.932,877.807,CONTOUR
5253,3127766.918,786108.462,880.124,CONTOUR
5254,3127748.724,786114.005,878.397,CONTOUR
5255,3127772.797,786114.423,881.007,CONTOUR
5256,3127752.645,786113.51,878.474,CONTOUR
5257,3127781.738,786118.345,881.993,CONTOUR
5258,3127744.489,786110.656,878.329,CONTOUR
5259,3127783.297,786115.746,882.267,CONTOUR
5260,3127741.147,786110.33,877.91,CONTOUR
5261,3127788.938,786119.412,883.7,CONTOUR
5262,3127738.946,786111.387,877.306,CONTOUR
5263,3127736.958,786108.253,876.745,CONTOUR
5264,3127734.438,786109.183,876.124,CONTOUR
5265,3127776.121,786118.051,881.598,CONTOUR
5266,3127732.583,786107.182,875.761,CONTOUR
5267,3127769.985,786117.506,881.179,CONTOUR
5268,3127733.518,786104.113,876.06,CONTOUR
5269,3127772.74,786111.32,880.919,CONTOUR
5270,3127731.008,786105.683,875.386,CONTOUR
5271,3127778.707,786109.38,881.28,CONTOUR
5272,3127733.895,786101.765,875.046,CONTOUR
5273,3127776.725,786105.448,881.063,CONTOUR
5274,3127739.15,786099.472,875.206,CONTOUR
5275,3127744.366,786099.708,875.86,CONTOUR
5276,3127748.431,786098.319,876.549,CONTOUR
5277,3127751.403,786098.935,876.416,CONTOUR
5278,3127773.496,786097.434,879.04,CONTOUR
5279,3127747.836,786103.625,877.145,CONTOUR
5280,3127744.25,786104.09,876.987,CONTOUR
5281,3127742.829,786104.609,876.365,CONTOUR
5282,3127775.17,786090.756,877.174,CONTOUR
5283,3127743.512,786108.202,877.632,CONTOUR
5284,3127769.271,786094.404,877.561,CONTOUR
5285,3127748.111,786092.675,875.706,CONTOUR
5286,3127766.996,786092.997,877.322,CONTOUR
5287,3127745.009,786091.146,874.862,CONTOUR
5288,3127762.295,786098.543,878.138,CONTOUR
5289,3127737.493,786095.036,874.502,CONTOUR
5290,3127733.039,786095.945,874.325,CONTOUR
5291,3127760.327,786116.493,880.026,CONTOUR
5292,3127732.015,786096.366,873.405,CONTOUR
5293,3127756.862,786117.144,880.585,CONTOUR
5294,3127730.796,786099.496,874.659,CONTOUR
5295,3127729.124,786100.095,873.691,CONTOUR
5296,3127725.202,786101.828,874.432,CONTOUR
5297,3127722.298,786100.164,874.093,CONTOUR
5298,3127723.125,786099.382,873.326,CONTOUR
5299,3127720.789,786097.9,873.003,CONTOUR
5300,3127751.557,786090.406,875.828,CONTOUR
5301,3127717.044,786096.845,871.401,CONTOUR
5302,3127749.359,786087.796,874.58,CONTOUR
5303,3127717.787,786091.597,870.953,CONTOUR
5304,3127714.717,786090.795,871.872,CONTOUR
5305,3127723.371,786091.253,871.359,CONTOUR
5306,3127726.998,786092.789,872.045,CONTOUR
5307,3127724.429,786087.935,871.092,CONTOUR
5308,3127758.13,786071.998,873.733,CONTOUR
5309,3127719.356,786084.779,870.059,CONTOUR
5310,3127724.976,786081.216,870.046,CONTOUR
5311,3127716.509,786080.39,869.854,CONTOUR
5312,3127750.639,786071.425,871.608,CONTOUR
5313,3127709.671,786082.477,869.242,CONTOUR
5314,3127744.273,786070.828,871.768,CONTOUR
5315,3127707.271,786074.56,867.997,CONTOUR
5316,3127740.853,786069.493,871.038,CONTOUR
5317,3127712.539,786070.888,867.547,CONTOUR
5318,3127738.875,786074.437,870.93,CONTOUR
5319,3127717.106,786068.569,867.247,CONTOUR
5320,3127742.336,786075.779,872.406,CONTOUR
5321,3127717.12,786062.841,866.802,CONTOUR
5322,3127735.269,786077.985,871.381,CONTOUR
5323,3127722.616,786055.662,866.607,CONTOUR
5324,3127728.586,786076.272,870.831,CONTOUR
5325,3127717.163,786053.92,865.46,CONTOUR
5326,3127712.477,786056.886,865.462,CONTOUR
5327,3127731.683,786064.843,869.574,CONTOUR
5328,3127704.531,786064.452,866.54,CONTOUR
5329,3127725.107,786064.025,868.029,CONTOUR
5330,3127702.652,786068.979,866.07,CONTOUR
5331,3127704.763,786072.147,867.552,CONTOUR
5332,3127706.961,786047.315,864.33,CONTOUR
5333,3127706.361,786074.694,867.922,CONTOUR
5334,3127705.677,786077.883,867.337,CONTOUR
5335,3127694.066,786045.814,862.198,CONTOUR
5336,3127693.768,786054.043,863.369,CONTOUR
9000,3127679.338,785860.923,842.984,MINOR 1
ST3,3127727.894,786022.225,863.986,MJR 3
9001,3127703.751,785866.397,844.294,TAILRACE
9002,3127701.58,785864.194,844.089,TAILRACE
9003,3127706.761,785869.316,844.267,TAILRACE
9004,3127699.793,785861.821,844.026,TAILRACE
9005,3127709.934,785872.02,844.372,TAILRACE
9006,3127696.719,785867.616,844.006,TAILRACE
9007,3127700.327,785870.78,844.099,TAILRACE
9008,3127694.38,785865.459,843.93,TAILRACE
9009,3127702.729,785873.222,844.137,TAILRACE
9010,3127692.336,785863.563,843.854,TAILRACE
9011,3127690.269,785871.078,842.801,TAILRACE
9012,3127688.97,785868.163,843.468,TAILRACE
9013,3127689.581,785874.599,842.901,TAILRACE
9014,3127687.856,785866.082,843.543,TAILRACE
9015,3127688.719,785878.216,842.949,TAILRACE
9016,3127683.266,785871.866,842.307,TAILRACE
9017,3127683.735,785876.232,842.376,TAILRACE
9018,3127682.641,785868.861,842.729,TAILRACE
9019,3127683.505,785879.741,842.434,TAILRACE
9020,3127681.649,785866.459,843.164,TAILRACE
9021,3127671.635,785870.671,841.436,TAILRACE
9022,3127673.476,785867.735,842.52,TAILRACE
9023,3127671.37,785874.054,841.436,TAILRACE
9024,3127674.613,785865.148,842.612,TAILRACE
9025,3127669.018,785877.367,841.168,TAILRACE
9026,3127664.088,785869.793,840.889,TAILRACE
9027,3127662.7,785872.679,840.813,TAILRACE
9028,3127665.904,785866.261,840.81,TAILRACE
9029,3127661.963,785876.547,840.889,TAILRACE
9030,3127667.452,785863.671,842.285,TAILRACE
9031,3127649.087,785863.328,840.211,TAILRACE
9032,3127650.081,785867.424,840.471,TAILRACE
9033,3127648.584,785860.949,840.01,TAILRACE
9034,3127651.752,785871.37,840.331,TAILRACE
9035,3127647.178,785857.359,839.797,TAILRACE
9036,3127636.46,785862.122,840.053,TAILRACE
9037,3127636.017,785858.337,840.084,TAILRACE
9038,3127636.697,785865.996,839.848,TAILRACE
9039,3127636.054,785858.313,840.103,TAILRACE
9040,3127636.845,785869.721,839.733,TAILRACE
9041,3127635.671,785853.368,839.714,TAILRACE
9042,3127625.605,785866.385,839.205,TAILRACE
9043,3127625.476,785861.442,839.23,TAILRACE
9044,3127625.491,785869.925,839.095,TAILRACE
9045,3127625.331,785857.403,839.229,TAILRACE
9046,3127623.055,785875.577,839.404,TAILRACE
9047,3127611.577,785863.123,838.638,TAILRACE
9048,3127609.918,785867.74,838.852,TAILRACE
9049,3127611.509,785863.005,838.628,TAILRACE
9050,3127608.072,785873.433,838.642,TAILRACE
9051,3127612.046,785858.652,838.011,TAILRACE
9052,3127612.255,785855.064,837.986,TAILRACE
9053,3127593.386,785860.524,837.833,TAILRACE
9054,3127592.088,785863.745,837.954,TAILRACE
9055,3127596.113,785854.238,837.381,TAILRACE
9056,3127590.333,785868.358,837.979,TAILRACE
9057,3127595.692,785849.915,837.112,TAILRACE
9058,3127576.559,785859.105,836.644,TAILRACE
9059,3127578.589,785854.106,836.38,TAILRACE
9060,3127574.448,785864.871,836.802,TAILRACE
9061,3127578.853,785850.639,836.36,TAILRACE
9062,3127573.146,785869.61,836.734,TAILRACE
9063,3127563.611,785858.564,835.815,TAILRACE
9064,3127562.404,785863.551,835.434,TAILRACE
9065,3127564.385,785854.337,835.317,TAILRACE
9066,3127560.01,785865.759,835.621,TAILRACE
9067,3127564.597,785850.012,835.363,TAILRACE
9068,3127550.938,785860.404,835.717,TAILRACE
9069,3127548.7,785864.113,835.583,TAILRACE
9070,3127554.711,785854.135,835.111,TAILRACE
9071,3127546.541,785867.597,835.593,TAILRACE
9072,3127555.099,785850.231,834.987,TAILRACE
9073,3127537.064,785858.938,834.853,TAILRACE
9074,3127538.271,785854.861,835.116,TAILRACE
9075,3127534.815,785862.534,834.489,TAILRACE
9076,3127538.787,785850.225,834.491,TAILRACE
9077,3127532.267,785866.55,834.574,TAILRACE
9078,3127525.873,785857.181,834.356,TAILRACE
9079,3127524.74,785862.611,834.389,TAILRACE
9080,3127526.003,785852.713,834.511,TAILRACE
9081,3127521.919,785866.852,834.547,TAILRACE
9082,3127526.484,785848.473,834.098,TAILRACE
9083,3127510.91,785866.814,834.045,TAILRACE
9084,3127508.981,785863.582,833.783,TAILRACE
9085,3127511.206,785871.6,833.975,TAILRACE
9086,3127507.157,785860.381,833.76,TAILRACE
9087,3127510.952,785875.551,834.115,TAILRACE
9088,3127504.504,785879.341,832.721,TAILRACE
9089,3127497.45,785876.712,832.931,TAILRACE
9090,3127508.785,785884.776,832.864,TAILRACE
9091,3127494.375,785875.312,832.647,TAILRACE
9092,3127486.39,785884.421,831.845,TAILRACE
9093,3127483.604,785883.456,831.831,TAILRACE
9094,3127479.85,785880.389,831.559,TAILRACE
9095,3127475.179,785890.792,831.006,TAILRACE
9096,3127664.183,785853.474,842.025,TAILRACE
9097,3127639.81,785870.188,840.091,TAILRACE
9098,3127639.349,785869.768,840.125,TAILRACE
9099,3127640.019,785876.026,840.277,TAILRACE
4000,3127690.232,786055.618,861.865,TR UP
4001,3127692.666,786053.602,863.493,TR UP
4002,3127682.37,786060.504,863.797,TR UP
4003,3127671.705,786062.344,864.092,TR UP
4004,3127655.614,786055.341,859.823,TR UP
4005,3127663.98,786047.995,859.804,TR UP
4006,3127670.35,786042.176,858.483,TR UP
4007,3127673.768,786038.509,858.926,TR UP
4008,3127679.521,786030.944,858.77,TR UP
4009,3127670.68,786022.708,857.629,TR UP
10000,3127555.024,785923.726,836.285,MINOR 2
ST 4,3127625.659,786023.651,853.226,MJR 4
4010,3127573.327,785924.521,839.656,TR DOWN
4011,3127575.34,785920.794,838.87,TR DOWN
4012,3127570.545,785933.554,838.132,TR DOWN
4013,3127569.679,785934.89,839.656,TR DOWN
4014,3127558.751,785918.974,838.474,TR DOWN
4015,3127560.521,785911.55,838.18,TR DOWN
4016,3127562.539,785934.368,839.956,TR DOWN
4017,3127562.796,785933.678,839.164,TR DOWN
4018,3127555.103,785923.768,836.289,TR DOWN
10001,3127552.16,785931.682,839.784,TR DOWN
10002,3127549.494,785917.087,836.529,TR DOWN
10003,3127547.344,785929.42,837.865,TR DOWN
10004,3127549.925,785915.224,837.652,TR DOWN
10005,3127547.667,785925.492,837.015,TR DOWN
10006,3127537.987,785913.156,836.564,TR DOWN
10007,3127537.524,785915.487,836.129,TR DOWN
10008,3127537.504,785920.144,835.113,TR DOWN
10009,3127522.904,785910.096,835.347,TR DOWN
10010,3127546.223,785921.485,836.249,TR DOWN
10011,3127544.505,785924.249,836.639,TR DOWN
10012,3127543.011,785927.712,837.478,TR DOWN
10013,3127538.331,785924.088,836.41,TR DOWN
10014,3127539.057,785921.619,835.131,TR DOWN
10015,3127522.08,785913.703,834.756,TR DOWN
10016,3127532.54,785926.215,836.404,TR DOWN
10017,3127520.856,785918.876,833.845,TR DOWN
10018,3127532.981,785924.705,834.68,TR DOWN
10019,3127504.595,785915.06,832.495,TR DOWN
10020,3127526.827,785925.258,836.448,TR DOWN
10021,3127527.12,785924.055,834.385,TR DOWN
10022,3127521.136,785924.621,836.56,TR DOWN
10023,3127521.517,785923.736,835.005,TR DOWN
10024,3127521.92,785921.47,833.901,TR DOWN
10025,3127516.982,785919.288,833.764,TR DOWN
10026,3127515.749,785921.429,833.816,TR DOWN
10027,3127514.666,785923.058,835.495,TR DOWN
10028,3127504.5,785907.221,833.701,TR DOWN
10029,3127501.43,785921.102,834.001,TR DOWN
10030,3127501.659,785918.619,832.887,TR DOWN
10031,3127502.339,785916.2,832.453,TR DOWN
10032,3127502.291,785915.18,832.319,TR DOWN
10033,3127492.285,785904.317,832.904,TR DOWN
10034,3127489.491,785919.116,833.031,TR DOWN
10035,3127491.204,785909.375,832.345,TR DOWN
10036,3127490.376,785913.435,831.83,TR DOWN
10037,3127490.035,785916.267,831.79,TR DOWN
10038,3127476.95,785901.004,831.861,TR DOWN
10039,3127474.047,785916.248,832.249,TR DOWN
10040,3127476.278,785906.067,831.35,TR DOWN
10041,3127474.62,785914.27,831.285,TR DOWN
10042,3127475.084,785910.38,830.891,TR DOWN
10043,3127474.766,785912.206,831.086,TR DOWN
10044,3127465.072,785897.97,830.879,TR UP
10045,3127461.156,785913.148,831.542,TR UP
10046,3127464.558,785900.935,829.713,TR UP
10047,3127461.67,785910.164,830.792,TR UP
10048,3127462.894,785906.782,830.522,TR UP
10049,3127449.761,785895.224,830.143,TR UP
10050,3127447.235,785908.654,829.705,TR UP
10051,3127449.051,785898.303,829.168,TR UP
10052,3127447.424,785905.235,829.869,TR UP
10053,3127448.254,785901.136,828.928,TR UP
10054,3127434.934,785891.754,829.108,TR UP
10055,3127432.545,785904.463,828.541,TR UP
10056,3127434.519,785893.894,828.47,TR UP
10057,3127432.749,785898.784,828.618,TR UP
10058,3127433.737,785896.117,828.331,TR UP
10059,3127410.225,785885.289,828.508,TR UP
10060,3127408.336,785898.668,826.693,TR UP
10061,3127410.285,785887.085,827.01,TR UP
10062,3127409.708,785891.663,827.023,TR UP
10063,3127386.963,785879.544,827.39,TR UP
10064,3127385.278,785884.31,825.479,TR UP
10065,3127386.391,785881.626,826.201,TR UP
10066,3127383.947,785886.127,825.007,TR UP
10067,3127364.443,785871.618,825.959,TR UP
10068,3127380.436,785891.987,826.158,TR UP
10069,3127363.464,785875.199,825.191,TR UP
10070,3127361.678,785877.345,824.194,TR UP
10071,3127340.908,785864.368,824.691,TR UP
10072,3127360.064,785880.834,824.278,TR UP
10073,3127358.555,785885.333,825.102,TR UP
10074,3127340.828,785864.397,824.73,TR UP
10075,3127335.932,785878.09,824.3,TR UP
10076,3127340.68,785866.731,823.802,TR UP
10077,3127339.024,785870.096,821.366,TR UP
10078,3127318.374,785852.459,823.445,TR UP
10079,3127317.047,785859.783,822.251,TR UP
10080,3127314.519,785863.244,822.114,TR UP
10081,3127312.152,785866.68,822.055,TR UP
10082,3127311.22,785868.175,822.627,TR UP
10083,3127472.454,785896.508,830.86,CONTOUR
10084,3127472.954,785892.313,831.023,CONTOUR
10085,3127474.247,785886.274,831.069,CONTOUR
10086,3127474.305,785916.257,832.233,CONTOUR
10087,3127479.623,785885.744,831.733,CONTOUR
10088,3127476.797,785916.807,832.572,CONTOUR
10089,3127481.794,785889.54,831.182,CONTOUR
10090,3127478.285,785916.626,832.92,CONTOUR
10091,3127485.883,785892.052,831.141,CONTOUR
10092,3127482.553,785917.683,833.157,CONTOUR
10093,3127482.166,785895.122,831.653,CONTOUR
10094,3127486.059,785921.916,832.401,CONTOUR
10095,3127487.391,785897.943,831.496,CONTOUR
10096,3127477.461,785922.085,831.657,CONTOUR
10097,3127485.336,785883.639,832.341,CONTOUR
10098,3127471.828,785920.865,831.398,CONTOUR
10099,3127481.847,785878.047,832.804,CONTOUR
10100,3127467.587,785922.499,832.064,CONTOUR
10101,3127479.004,785881.537,831.525,CONTOUR
10102,3127463.082,785916.886,831.086,CONTOUR
10103,3127474.875,785884.327,831.774,CONTOUR
10104,3127456.898,785916.648,830.892,CONTOUR
10105,3127470.404,785879.9,832.229,CONTOUR
10106,3127455.03,785920.679,831.062,CONTOUR
10107,3127473.957,785873.517,832.534,CONTOUR
10108,3127455.14,785911.923,831.187,CONTOUR
10109,3127471.082,785868.94,831.869,CONTOUR
10110,3127451.989,785910.276,830.043,CONTOUR
10111,3127469.443,785868.116,832.206,CONTOUR
10112,3127446.964,785909.304,830.923,CONTOUR
10113,3127467.013,785860.489,831.831,CONTOUR
10114,3127448.464,785910.978,830.076,CONTOUR
10115,3127464.226,785868.956,831.587,CONTOUR
10116,3127450.929,785906.907,830.084,CONTOUR
10117,3127459.433,785874.666,831.038,CONTOUR
10118,3127455.778,785907.993,830.356,CONTOUR
10119,3127462.097,785881.483,831.451,CONTOUR
10120,3127462.691,785911.245,831.169,CONTOUR
10121,3127467.926,785882.658,831.658,CONTOUR
10122,3127468.682,785910.93,831.075,CONTOUR
10123,3127481.547,785870.007,832.346,CONTOUR
10124,3127477.601,785867.603,832.334,CONTOUR
10125,3127495.898,785924.286,833.298,CONTOUR
10126,3127488.188,785867.64,832.755,CONTOUR
10127,3127502.695,785928.056,834.253,CONTOUR
10128,3127496.043,785868.858,833.281,CONTOUR
10129,3127503.808,785875.631,833.728,CONTOUR
10130,3127511.645,785923.162,835.219,CONTOUR
10131,3127503.964,785877.941,832.853,CONTOUR
10132,3127518.503,785924.484,836.126,CONTOUR
10133,3127516.565,785878.916,834.421,CONTOUR
10134,3127518.187,785925.942,835.548,CONTOUR
10135,3127519.36,785923.461,835.233,CONTOUR
10136,3127515.207,785885.46,834.671,CONTOUR
10137,3127521.695,785924.897,836.672,CONTOUR
10138,3127509.861,785885.373,832.946,CONTOUR
10139,3127521.302,785925.963,835.895,CONTOUR
10140,3127502.467,785886.451,831.562,CONTOUR
10141,3127501.596,785900.013,832.989,CONTOUR
