ID,Northing,Easting,Elevation,Name
2,3127794.248,786239.424,1605.197,
4,3127789.215,786118.502,1605.197,
5,3127794.248,786239.424,1605.197,
1,3127794.232,786239.426,882.288,ST7
0002-1,3127826.259,786228.78,883.214,ST7
3,3127800.237,786169.124,889.868,UP
0004-2,3127797.574,786172.13,889.826,UP
0005-3,3127802.29,786167.499,890.491,UP
6,3127796.483,786172.923,890.074,UP
7,3127802.627,786166.219,891.352,UP
8,3127795.405,786174.012,890.54,UP
9,3127794.959,786175.315,891.357,UP
10,3127799.749,786165.294,890.848,UP
11,3127795.956,786169.804,890.004,UP
12,3127798.909,786166.161,890.853,UP
13,3127794.669,786170.727,890.045,UP
14,3127797.492,786167.916,890.178,UP
15,3127797.384,786162.815,892.026,UP
16,3127796.398,786164.304,891.218,UP
17,3127795.394,786165.12,890.112,UP
18,3127794.95,786162.061,891.659,UP
19,3127794.964,786162.16,891.647,UP
20,3127794.226,786166.468,889.821,UP
21,3127793.501,786167.662,889.923,UP
22,3127793.616,786160.349,891.762,UP
23,3127799.41,786172.964,888.001,UP
24,3127796.676,786175.576,890.526,UP
25,3127801.854,786170.648,889.935,UP
26,3127802.839,786168.324,888.942,UP
27,3127801.258,786177.595,889.032,UP
28,3127805.047,786169.374,888.66,UP
29,3127807.633,786171.234,888.752,UP
30,3127802.74,786174.215,887.062,UP
31,3127805.385,786177.14,889.01,UP
32,3127809.534,786172.55,890.113,UP
33,3127804.423,786182.255,888.154,UP
34,3127808.024,786178.099,887.699,UP
35,3127812.047,786178.775,888.293,UP
36,3127809.616,786180.475,887.381,UP
37,3127806.495,786183.185,887.299,UP
38,3127813.297,786181.182,886.598,UP
39,3127809.191,786184.331,888.24,UP
40,3127792.782,786175.527,892.953,SH
41,3127792.352,786174.432,893.188,SH
42,3127792.177,786175.716,893.623,SH
43,3127790.732,786174.721,894.111,SH
44,3127788.979,786173.251,894.576,SH
45,3127788.101,786173.308,894.657,SH
46,3127753.254,786136.093,906.162,SH
47,3127753.21,786135.322,906.28,SH
48,3127763.236,786145.079,903.327,SH
49,3127785.037,786175.701,893.336,SH
50,3127783.779,786176.192,893.891,SH
51,3127782.716,786173.671,894.336,SH
52,3127782.517,786174.469,894.609,SH
53,3127779.556,786168.741,895.53,SH
54,3127780.302,786173.593,895.279,SH
55,3127776.327,786173.091,895.515,SH
56,3127781.196,786175.104,895.205,SH
57,3127768.654,786176.445,895.987,SH
58,3127767,786178.112,896.089,SH
59,3127768.537,786178.923,895.86,SH
60,3127768.645,786180.3,895.057,SH
61,3127769.087,786179.175,895.045,SH
62,3127781.315,786175.526,894.269,SH
63,3127782.862,786174.025,894.291,SH
64,3127783.185,786173.248,894.291,SH
65,3127783.077,786172.414,894.281,SH
66,3127788.624,786173.658,893.783,SH
67,3127785.283,786172.734,893.396,SH
68,3127784.713,786174.479,893.44,SH
69,3127785.079,786176.202,893.553,SH
70,3127786.011,786177.659,893.693,SH
71,3127785.699,786178.942,893.647,SH
72,3127787.501,786180.562,893.017,SH
73,3127786.391,786178.564,892.879,SH
74,3127787.365,786177.109,893.123,SH
75,3127787.712,786175.409,893.064,SH
76,3127790.861,786176.601,893.926,SH
77,3127791.301,786176.236,893.938,SH
78,3127791.893,786175.228,893.766,SH
79,3127792.144,786175.775,893.61,SH
80,3127792.035,786176.651,893.93,SH
81,3127791.308,786176.699,893.779,SH
82,3127788.497,786176.619,892.784,SH
83,3127788.351,786178.38,892.657,SH
84,3127788.36,786180.132,892.449,SH
85,3127746.714,786258.395,850.278,SH
86,3127791.159,786181.611,891.763,SH
87,3127790.333,786180.561,892.089,SH
88,3127790.074,786179.29,892.499,SH
89,3127789.795,786178.13,892.519,SH
90,3127791.069,786177.319,893.32,SH
91,3127791.181,786176.822,893.205,SH
92,3127792.164,786176.421,893.361,SH
93,3127792.836,786176.858,893.7,SH
94,3127793.502,786156.205,897.565,SH
95,3127802.031,786144.284,898.546,SH
96,3127800.484,786160.828,896.689,SH
97,3127807.162,786166.227,894.935,SH
98,3127810.297,786169.603,893.718,SH
99,3127796.013,786176.433,892.028,SH
100,3127796.519,786176.819,891.803,SH
101,3127793.866,786177.929,893.681,SH
102,3127794.719,786178.297,893.1,SH
103,3127793.761,786178.355,893.714,SH
104,3127794.568,786179.746,892.767,SH
105,3127794.314,786180.265,892.625,SH
106,3127794.005,786181.132,892.227,SH
107,3127793.209,786181.631,892.059,SH
108,3127792.401,786181.935,891.882,SH
109,3127791.822,786182.316,891.585,SH
110,3127792.288,786179.431,893.535,SH
111,3127783.42,786190.335,891.641,SH
112,3127787.923,786185.403,892.875,SH
113,3127785.198,786190.592,891.469,SH
114,3127785.855,786190.997,891.422,SH
115,3127786.403,786191.473,891.376,SH
116,3127787.344,786191.913,891.369,SH
117,3127788.162,786191.814,891.445,SH
118,3127788.731,786191.971,891.286,SH
119,3127789.243,786192.644,891.156,SH
120,3127790.011,786192.134,891.053,SH
121,3127790.625,786192.128,890.941,SH
122,3127791.355,786191.699,890.998,SH
123,3127791.897,786190.697,891.074,SH
124,3127792.302,786190.616,891.1,SH
125,3127792.853,786190.988,890.977,SH
126,3127793.275,786191.1,890.896,SH
127,3127793.801,786191.364,890.735,SH
128,3127794.898,786191.529,890.577,SH
129,3127796.091,786192.22,890.315,SH
130,3127797.127,786192.287,890.217,SH
131,3127798.455,786194.45,889.761,SH
132,3127798.222,786192.099,890.377,SH
133,3127794.784,786184.006,891.544,SH
134,3127795.274,786183.583,891.637,SH
135,3127794.532,786181.302,892.735,SH
136,3127795.76,786181.706,892.253,SH
137,3127796.05,786181.868,892.402,SH
138,3127794.556,786180.901,893.086,SH
139,3127795.468,786183.946,891.821,SH
140,3127794.846,786184.972,891.524,SH
141,3127795.335,786184.969,891.802,SH
142,3127795.635,786184.906,891.782,SH
143,3127795.319,786182.303,892.67,SH
144,3127796.728,786183.187,892.876,SH
145,3127801.652,786212.33,887.313,SH
146,3127803.929,786211.332,887.375,SH
147,3127804.933,786204.84,888.525,SH
148,3127807.352,786205.845,888.125,SH
149,3127806.713,786201.742,888.914,SH
150,3127799.823,786187.469,892.099,SH
151,3127797.488,786182.88,893.113,SH
152,3127809.87,786210.984,888.14,SH
153,3127811.45,786225.619,885.747,SH
154,3127808.561,786224.56,886.087,SH
155,3127806.233,786225.387,886.07,SH
156,3127756.4,786181.109,899.284,SH
157,3127751.628,786182.917,899.505,SH
158,3127758.017,786184.723,898.294,SH
159,3127752.63,786186.003,898.994,SH
160,3127753.366,786187.903,898.66,SH
161,3127753.363,786187.877,896.661,SH
162,3127758.348,786185.226,896.053,SH
163,3127760.562,786186.821,895.581,SH
164,3127755.902,786190.851,896.14,SH
165,3127759.195,786192.489,895.438,SH
166,3127762.9,786187.419,894.787,SH
167,3127763.042,786192.503,894.845,SH
168,3127764.399,786187.489,894.484,SH
169,3127772.691,786192.404,893.311,SH
170,3127772.395,786187.558,893.253,SH
171,3127791.698,786190.165,890.929,SH
172,3127793.014,786186.803,891.091,SH
173,3127796.466,786191.489,890.254,SH
174,3127797.196,786187.992,890.516,SH
175,3127800.222,786194.5,889.342,SH
176,3127803.374,786192.152,889.537,SH
177,3127805.115,786201.905,888.138,SH
178,3127801.579,786200.656,888.17,SH
179,3127800.926,786209.253,887.094,SH
180,3127793.06,786214.514,886.26,SH
181,3127796.565,786216.279,885.922,SH
182,3127797.058,786221.335,885.076,SH
183,3127792.476,786221.898,885.316,SH
184,3127798.764,786231.53,883.49,SH
185,3127801.926,786228.157,883.615,SH
186,3127790.647,786193.371,891.445,SH
187,3127789.204,786193.051,891.691,SH
188,3127788.181,786195.073,891.216,SH
189,3127786.151,786192.219,891.716,SH
190,3127785.315,786192.078,891.674,SH
191,3127783.339,786192.126,891.75,SH
192,3127782.015,786192.187,891.926,SH
193,3127781.336,786192.108,892.275,SH
194,3127780.493,786192.307,892.481,SH
195,3127779.248,786192.581,892.535,SH
196,3127778.899,786192.165,892.626,SH
197,3127777.548,786192.615,892.669,SH
198,3127775.443,786193.051,893.116,SH
199,3127773.19,786193.767,893.907,SH
200,3127765.398,786194.917,895.107,SH
201,3127756.56,786198.039,896.582,SH
202,3127756.129,786197.095,896.886,SH
203,3127756.447,786194.217,897.119,SH
204,3127751.325,786193.641,898.233,SH
205,3127751.314,786192.068,898.034,SH
206,3127751.139,786189.901,897.993,SH
207,3127749.02,786181.777,898.481,SH
208,3127761.264,786177.85,897.572,SH
209,3127779.284,786173.684,895.669,SH
210,3127782.119,786172.469,895.677,SH
211,3127778.402,786167.536,896.406,SH
212,3127789.651,786184.075,891.68,SH
213,3127793.057,786179.021,893.939,SH
214,3127788.49,786178.843,892.534,SH
215,3127786.82,786180.36,892.755,SH
216,3127780.779,786178.828,894.488,SH
217,3127825.483,786255.091,886.393,SH
218,3127826.557,786231.268,884.764,SH
219,3127828.569,786234.529,884.81,SH
220,3127830.201,786237.041,884.699,SH
221,3127831.8,786233.671,884.278,SH
222,3127829.86,786233.589,884.364,SH
223,3127828.472,786234.243,884.369,SH
224,3127827.148,786233.84,884.416,SH
225,3127825.256,786234.824,884.353,SH
226,3127818,786243.314,883.69,SH
227,3127825.584,786231.623,884.284,SH
228,3127825.919,786234.194,883.9,SH
229,3127826.313,786232.177,884.212,SH
230,3127826.566,786233.151,884.061,SH
231,3127828.813,786232.265,884.071,SH
232,3127829.777,786231.101,883.756,SH
233,3127829.538,786230.478,883.462,SH
234,3127828.073,786231.875,883.497,SH
235,3127826.972,786231.861,883.644,SH
236,3127826.27,786231.358,883.844,SH
237,3127825.752,786230.88,883.988,SH
238,3127823.962,786230.435,883.096,SH
239,3127824.634,786230.593,883.326,SH
240,3127825.198,786230.819,883.405,SH
241,3127825.949,786230.262,883.859,SH
242,3127826.404,786230.025,884.01,SH
243,3127827.215,786230.727,883.482,SH
244,3127827.67,786230.205,883.577,SH
245,3127827.935,786229.722,883.625,SH
246,3127830.188,786228.448,882.727,SH
247,3127829.619,786228.283,883.005,SH
248,3127828.82,786228.862,883.039,SH
249,3127828.417,786229.678,883.188,SH
250,3127827.414,786229.792,883.717,SH
251,3127826.94,786230.755,883.42,SH
252,3127825.942,786230.271,883.775,SH
253,3127824.859,786230.505,883.336,SH
254,3127823.89,786230.001,883.055,SH
255,3127823.351,786229.351,882.867,SH
256,3127824.794,786228.961,883.435,SH
257,3127824.692,786229.508,883.214,SH
258,3127825.181,786229.925,883.351,SH
259,3127826.171,786229.737,883.89,SH
260,3127827.315,786229.906,883.379,SH
261,3127828.075,786228.374,883.102,SH
262,3127828.066,786228.08,883.034,SH
263,3127827.936,786227.757,883.011,SH
264,3127827.826,786227.606,883.016,SH
265,3127827.51,786227.299,883.033,SH
266,3127827.267,786227.092,883.008,SH
267,3127826.5,786226.996,883.154,SH
268,3127825.744,786227.109,883.198,SH
269,3127825.287,786227.012,882.961,SH
270,3127825.118,786227.433,883.183,SH
271,3127824.605,786227.509,882.901,SH
272,3127824.561,786228.178,883.15,SH
273,3127825.456,786226.735,883.347,SH
274,3127825.865,786226.702,883.398,SH
275,3127826.399,786226.375,883.213,SH
276,3127827.177,786225.681,882.694,SH
277,3127828.454,786225.902,882.45,SH
278,3127827.432,786227.925,883.818,SH
279,3127828.873,786227.53,882.907,SH
280,3127828.975,786227.869,882.927,SH
281,3127827.43,786222.578,881.962,SH
282,3127826.808,786222.386,881.916,SH
283,3127826.585,786222.196,881.839,SH
284,3127825.506,786224.67,882.899,SH
285,3127824.825,786224.366,882.694,SH
286,3127803.247,786193.085,873.229,SH
287,3127802.345,786194.408,873.39,SH
288,3127802.325,786197.012,873.96,SH
289,3127800.331,786197.215,873.666,SH
290,3127810.463,786216.598,878.905,SH
291,3127810.13,786218.226,879.1,SH
292,3127809.825,786221.761,879.51,SH
293,3127810.593,786223.014,879.853,SH
294,3127811.049,786223.361,880.013,SH
295,3127811.091,786223.827,880.241,SH
296,3127811.079,786224.291,880.277,SH
297,3127810.448,786230.181,881.164,SH
298,3127810.301,786230.502,881.352,SH
299,3127809.151,786234.936,882.271,SH
300,3127808.048,786236.051,882.904,SH
301,3127806.978,786238.648,882.713,SH
302,3127806.766,786239.623,883.718,SH
303,3127804.76,786242.192,884.244,SH
304,3127803.708,786248.19,884.235,SH
305,3127801.185,786254.693,885.312,SH
306,3127799.625,786257.998,885.366,SH
307,3127801.224,786253.858,885.472,SH
308,3127801.554,786252.332,885.348,SH
309,3127801.557,786249.814,885.721,SH
310,3127801.146,786248.929,885.714,SH
311,3127800.458,786248.073,885.38,SH
312,3127802.289,786245.724,885.006,SH
313,3127802.661,786243.963,884.922,SH
314,3127803.775,786241.187,884.216,SH
315,3127806.246,786238.15,884.027,SH
316,3127803.686,786239.065,884.043,SH
317,3127805.237,786237.294,884.145,SH
318,3127807.461,786233.832,883.928,SH
319,3127807.535,786232.407,883.594,SH
320,3127808.061,786231.366,883.383,SH
321,3127808.708,786229.517,883.168,SH
322,3127808.923,786228.622,883.128,SH
323,3127811.035,786226.432,881.303,SH
324,3127809.805,786225.262,880.987,SH
325,3127809.118,786224.134,880.779,SH
326,3127808.724,786222.302,880.433,SH
327,3127805.404,786221.188,879.891,SH
328,3127805.265,786221.051,880.031,SH
329,3127806.671,786218.12,880.046,SH
330,3127808.119,786217.789,879.69,SH
331,3127808.57,786215.31,878.596,SH
332,3127805.839,786212.339,877.495,SH
333,3127806.859,786211.717,877.602,SH
334,3127806.571,786209.862,877.198,SH
335,3127805.406,786205.04,876.014,SH
336,3127798.958,786193.307,873.365,SH
337,3127804.661,786198.968,874.124,SH
338,3127803.724,786195.335,873.113,SH
339,3127802.247,786193.091,873.339,SH
340,3127800.938,786186.047,872.132,SH
341,3127802.734,786183.091,871.419,SH
342,3127801.865,786181.222,872.917,SH
343,3127802.183,786180.204,873.915,SH
344,3127802.852,786179.739,873.876,SH
345,3127803.939,786180.081,872.693,SH
346,3127804.731,786180.111,871.379,SH
347,3127803.294,786169.869,868.473,SH
348,3127803.168,786167.115,868.498,SH
349,3127804.268,786165.723,868.602,SH
350,3127803.106,786162.279,869.561,SH
351,3127802.4,786162.821,869.853,SH
352,3127806.454,786160.926,868.796,SH
353,3127821.587,786207.661,878.029,SH
354,3127821.997,786207.191,877.913,SH
355,3127824.814,786218.622,881.554,SH
356,3127824.254,786206.529,877.81,SH
357,3127824.911,786206.461,877.804,SH
358,3127825.972,786205.576,877.543,SH
359,3127826.708,786205.304,877.458,SH
360,3127828.317,786204.868,877.297,SH
361,3127828.989,786204.874,877.28,SH
362,3127830.073,786204.534,877.131,SH
363,3127831.277,786203.623,876.788,SH
364,3127807.265,786160.785,868.674,SH
365,3127799.965,786183.268,874.061,SH
366,3127822.725,786223.551,881.358,UP
367,3127821.549,786223.791,881.157,UP
368,3127820.447,786223.447,880.378,UP
369,3127818.007,786223.818,879.759,UP
370,3127819.807,786223.748,879.636,UP
371,3127816.936,786224.675,880.002,UP
372,3127824.683,786227.746,882.714,UP
373,3127815.087,786223.432,879.831,UP
374,3127811.394,786223.236,879.779,UP
375,3127809.876,786223.41,880.6,UP
376,3127808.664,786223.568,880.577,UP
377,3127806.297,786223.38,880.377,UP
378,3127820.634,786227.347,880.394,UP
379,3127809.842,786225.804,880.628,UP
380,3127818.776,786227.552,880.02,UP
381,3127816.939,786227.532,880.07,UP
382,3127812.422,786226.299,880.183,UP
383,3127814.015,786226.678,880.145,UP
384,3127823.927,786231.042,883.051,UP
385,3127820.524,786231.28,880.475,UP
386,3127817.86,786231.195,880.417,UP
387,3127816.804,786230.827,880.888,UP
388,3127815.265,786230.629,880.378,UP
389,3127813.534,786230.176,880.351,UP
390,3127811.247,786230.177,880.399,UP
391,3127823.669,786235.099,883.72,UP
392,3127809.718,786230.208,881.522,UP
393,3127808.823,786230.091,882.597,UP
394,3127821.393,786235.617,881.808,UP
395,3127820.542,786235.515,881.62,UP
396,3127807.847,786233.665,883.476,UP
397,3127808.979,786233.757,882.922,UP
398,3127819.241,786235.036,880.5,UP
399,3127809.545,786234.094,882.214,UP
400,3127812.45,786234.762,881.257,UP
401,3127809.474,786240.412,882.072,UP
402,3127812.027,786241.039,882.285,UP
403,3127814.583,786244.194,881.91,UP
404,3127806.592,786241.327,882.489,UP
405,3127806.363,786240.609,883.839,UP
406,3127823.768,786232.949,884.083,UP
407,3127808.248,786243.214,882.62,UP
408,3127806.045,786243.438,882.93,UP
409,3127805.539,786243.094,883.825,UP
410,3127805.417,786242.464,884.711,UP
411,3127810.307,786242.522,882.53,UP
412,3127823.079,786232.769,884.207,UP
413,3127800.068,786256.616,887.426,UP
414,3127803.865,786258.472,884.611,UP
415,3127816.585,786250.959,885.885,UP
416,3127812.593,786249.44,884.991,UP
417,3127811.265,786248.236,884.15,UP
418,3127810.778,786248.115,882.92,UP
419,3127805.361,786251.287,883.518,UP
420,3127803.064,786251.954,883.954,UP
421,3127823.169,786231.743,884.726,UP
422,3127802.734,786250.929,885.149,UP
423,3127802.751,786259.475,884.986,UP
424,3127806.442,786260.602,885.464,UP
425,3127793.905,786261.965,885.604,UP
426,3127796.454,786262.285,885.469,UP
427,3127799.015,786263.904,885.811,UP
428,3127801.213,786264.317,885.388,UP
429,3127804.796,786264.37,885.728,UP
430,3127810.506,786266.341,888.592,UP
431,3127810.039,786272.237,889.493,UP
432,3127806.607,786270.715,889.065,UP
433,3127794.581,786269.231,887.774,UP
434,3127795.583,786269.777,887.768,UP
435,3127795.713,786269.857,886.958,UP
436,3127798.687,786270.999,887.452,UP
437,3127811.425,786255.341,888.44,UP
438,3127824.825,786220.793,881.144,DWN
439,3127822.078,786221.602,879.971,DWN
440,3127819.644,786221.91,879.6,DWN
441,3127804.916,786221.608,879.884,DWN
442,3127808.843,786221.67,879.696,DWN
443,3127809.797,786221.766,879.018,DWN
444,3127813.038,786221.772,878.815,DWN
445,3127823.548,786216.216,879.367,DWN
446,3127821.017,786216.294,879.337,DWN
447,3127806.83,786217.748,879.544,DWN
448,3127809.746,786218.114,879.223,DWN
449,3127811.156,786218.165,877.94,DWN
450,3127812.744,786218.264,876.87,DWN
451,3127812.751,786218.27,876.873,DWN
452,3127817.379,786217.81,877.75,DWN
453,3127821.568,786211.321,878.429,DWN
454,3127818.467,786212.4,877.389,DWN
455,3127808.856,786200.436,872.165,DWN
456,3127808.03,786212.631,877.076,DWN
457,3127810.544,786212.545,877.004,DWN
458,3127811.174,786212.646,876.095,DWN
459,3127814.165,786212.712,875.417,DWN
460,3127821.165,786204.461,877.741,DWN
461,3127818.374,786205.26,876.707,DWN
462,3127802.682,786205.911,875.269,DWN
463,3127817.552,786205.496,876.054,DWN
464,3127816.842,786205.613,874.975,DWN
465,3127806.585,786206.276,874.837,DWN
466,3127809.902,786206.38,874.868,DWN
467,3127812.273,786206.993,874.713,DWN
468,3127820.944,786194.135,875.916,DWN
469,3127817.274,786194.255,875.166,DWN
470,3127814.479,786194.26,873.622,DWN
471,3127796.713,786190.505,874.867,DWN
472,3127797.849,786190.729,874.079,DWN
473,3127797.898,786190.723,874.083,DWN
474,3127800.029,786191.633,873.249,DWN
475,3127801.753,786191.811,872.522,DWN
476,3127804.738,786192.513,872.632,DWN
477,3127808.166,786193.375,873.011,DWN
478,3127811.933,786193.953,873.209,DWN
479,3127817.997,786184.339,873.958,DWN
480,3127816.335,786184.736,873.253,DWN
481,3127814.945,786185.684,871.841,DWN
482,3127799.012,786182.885,873.806,DWN
483,3127800.641,786183.642,872.547,DWN
484,3127801.914,786184.023,871.579,DWN
485,3127803.152,786184.178,870.395,DWN
486,3127806.526,786184.564,869.488,DWN
487,3127819.951,786174.881,870.73,DWN
488,3127812.092,786175.722,869.923,DWN
489,3127808.663,786175.045,868.884,DWN
490,3127805.743,786174.728,868.708,DWN
491,3127803.996,786175.006,869.465,DWN
492,3127802.774,786175.386,871.265,DWN
493,3127799.751,786175.606,873.047,DWN
494,3127810.156,786166.634,867.738,DWN
495,3127801.087,786163.809,868.916,DWN
496,3127802.846,786164.12,867.753,DWN
497,3127804.413,786165.119,867.37,DWN
498,3127806.763,786165.373,866.061,DWN
499,3127813.924,786167.283,868.742,DWN
500,3127819.09,786168.25,870.927,DWN
501,3127816.222,786223.317,879.953,DWN
502,3127820.909,786224.134,881.172,DWN
503,3127839.05,786314.641,899.778,CONT
504,3127838.711,786313.239,896.883,CONT
505,3127834.494,786269.745,887.794,CONT
506,3127833.707,786269.363,887.968,CONT
507,3127833.139,786252.951,886.175,CONT
508,3127848.858,786237.554,882.795,CONT
509,3127848.296,786236.684,882.862,CONT
510,3127847.839,786235.963,882.514,CONT
511,3127846.525,786234.209,882.687,CONT
512,3127849.747,786231.774,881.945,CONT
513,3127831.622,786229.092,883.731,CONT
514,3127842.551,786228.421,881.098,CONT
515,3127845.796,786226.808,880.353,CONT
516,3127849.265,786226.453,880.655,CONT
517,3127847.753,786225.109,880.598,CONT
518,3127844.078,786225.738,880.191,CONT
519,3127843.592,786224.73,880.261,CONT
520,3127842.655,786224.171,880.454,CONT
521,3127843.289,786222.864,880.205,CONT
522,3127843.059,786221.154,879.921,CONT
523,3127843.649,786222.991,880.704,CONT
524,3127823.524,786244.378,884.915,CANAL
525,3127823.022,786246.826,885.537,CANAL
526,3127822.438,786249.703,885.901,CANAL
527,3127825.819,786244.126,884.577,CANAL
528,3127825.135,786247.788,885.029,CANAL
529,3127825.306,786250.085,885.366,CANAL
530,3127828.354,786244.355,884.661,CANAL
531,3127827.889,786247.883,884.884,CANAL
532,3127828.7,786250.659,884.989,CANAL
533,3127831.498,786243.882,884.572,CANAL
534,3127831.277,786247.345,884.776,CANAL
535,3127831.228,786249.806,884.91,CANAL
536,3127834.914,786242,884.328,CANAL
537,3127835.076,786246.597,884.723,CANAL
538,3127835.878,786249.115,884.372,CANAL
539,3127839.278,786240.047,881.84,CANAL
540,3127841.67,786244.385,882.346,CANAL
541,3127844.853,786247.524,882.831,CANAL
542,3127847.035,786239.479,882.158,CANAL
543,3127843.265,786239.038,881.732,CANAL
544,3127839.282,786238.402,881.827,CANAL
545,3127837.778,786231.725,880.912,CANAL
546,3127840.45,786230.941,880.786,CANAL
547,3127843.907,786230.067,880.901,CANAL
548,3127842.272,786225.625,880.275,CANAL
549,3127839.261,786226.767,880.19,CANAL
550,3127835.681,786227.517,880.179,CANAL
551,3127832.125,786222.047,879.251,CANAL
552,3127835.42,786220.38,879.048,CANAL
553,3127837.475,786218.954,879.005,CANAL
554,3127835.28,786214.857,878.396,CANAL
555,3127832.107,786216.341,878.249,CANAL
556,3127829.518,786217.609,878.395,CANAL
557,3127827.834,786210.389,876.042,CANAL
558,3127830.705,786209.68,875.724,CANAL
559,3127834.583,786209.762,875.595,CANAL
560,3127831.068,786203.617,875.368,CANAL
561,3127833.638,786205.341,875.244,CANAL
562,3127836.129,786207.702,875.203,CANAL
563,3127836.203,786200.005,874.686,CANAL
564,3127837.481,786202.545,874.528,CANAL
565,3127840.282,786206.832,874.472,CANAL
566,3127847.58,786205.946,873.694,CANAL
567,3127847.307,786202.29,873.772,CANAL
568,3127848.162,786198.441,873.787,CANAL
569,3127856.111,786200.022,873.233,CANAL
570,3127855.011,786202.788,873.183,CANAL
571,3127853.348,786205.969,874.69,CANAL
572,3127860.895,786202.114,874.253,CANAL
573,3127859.232,786204.35,874.273,CANAL
574,3127859.514,786207.824,874.575,CANAL
575,3127865.65,786208.936,873.707,CANAL
576,3127866.075,786206.536,873.665,CANAL
577,3127867.192,786203.816,873.685,CANAL
578,3127870.844,786203.84,873.167,CANAL
579,3127871.509,786206.409,872.777,CANAL
580,3127870.418,786214.263,873.13,CANAL
581,3127882.284,786201.158,872.027,CANAL
582,3127876.926,786201.404,872.002,CANAL
583,3127873.848,786201.205,872.041,CANAL
584,3127870.484,786193.817,871.569,CANAL
585,3127873.239,786192.105,871.507,CANAL
586,3127875.531,786190.733,871.478,CANAL
587,3127864.551,786184.946,870.79,CANAL
588,3127866.564,786183.102,870.354,CANAL
589,3127868.662,786181.149,870.241,CANAL
590,3127859.271,786176.764,869.405,CANAL
591,3127861.349,786174.933,869.16,CANAL
592,3127863.027,786172.089,868.983,CANAL
593,3127858.044,786164.12,868.111,CANAL
594,3127856.067,786166.153,868.205,CANAL
595,3127854.755,786168.324,868.599,CANAL
596,3127852.535,786161.742,867.602,CANAL
597,3127857.035,786161.984,867.929,CANAL
598,3127859.54,786162.366,867.711,CANAL
599,3127853.014,786157.476,867.074,CANAL
600,3127855.675,786159.089,867.562,CANAL
601,3127860.945,786160.54,867.577,CANAL
602,3127855.944,786152.277,866.502,CANAL
603,3127858.328,786153.457,866.445,CANAL
604,3127863.095,786155.723,867.142,CANAL
605,3127864.28,786150.708,865.939,CANAL
606,3127870.039,786154.518,865.5,CANAL
607,3127865.43,786151.941,865.642,CANAL
608,3127866.891,786148.538,864.832,CANAL
609,3127870.141,786151.075,865.082,CANAL
610,3127871.788,786152.104,865.002,CANAL
611,3127881.781,786201.145,872.178,CONT
612,3127866.868,786201.645,874.843,CONT
613,3127849.285,786210.082,878.727,CONT
614,3127870.307,786163.667,868.803,CONT
615,3127847.399,786195.892,875.563,CONT
616,3127848.345,786187.763,873.807,CONT
617,3127847.089,786188.202,874.033,CONT
618,3127846.688,786186.288,873.673,CONT
619,3127837.799,786198.303,875.804,CONT
620,3127837.264,786198.502,875.906,CONT
621,3127827.923,786223.023,883.069,CONT
622,3127833.322,786201.335,876.566,CONT
623,3127831.838,786201.963,876.839,CONT
624,3127830.509,786201.454,876.764,CONT
625,3127830.863,786200.44,877.115,CONT
626,3127832.323,786197.117,876.389,CONT
627,3127835.456,786191.433,874.774,CONT
628,3127837.813,786191.546,874.876,CONT
629,3127837.746,786195.116,875.738,CONT
630,3127840.733,786191.175,874.539,CONT
631,3127842.356,786191.442,874.451,CONT
632,3127845.621,786188.361,873.441,CONT
633,3127843.484,786190.418,874.596,CONT
634,3127838.023,786195.539,876.231,CONT
635,3127843.997,786175.364,871.162,CONT
636,3127836.62,786190.05,875.171,CONT
637,3127833.412,786189.879,874.73,CONT
638,3127831.349,786191.565,875.378,CONT
639,3127829.246,786179.966,874.231,CONT
640,3127837.022,786151.8,866.333,CONT
641,3127833.823,786189.108,875.671,CONT
642,3127838.824,786175.952,872.573,CONT
643,3127836.239,786190.934,875.969,CONT
644,3127849.254,786167.116,870,CONT
645,3127855.55,786154.828,867.948,CONT
646,3127852.933,786148.683,866.919,CONT
647,3127843.193,786172.492,872.017,CONT
648,3127854.932,786127.843,862.235,CONT
649,3127834.727,786189.524,875.837,CONT
650,3127833.687,786188.563,875.51,CONT
651,3127834.299,786154.178,867.811,CONT
652,3127828.638,786151.657,868.237,CONT
653,3127834.105,786172.31,872.702,CONT
654,3127842.405,786112.984,861.687,CONT
655,3127841.143,786111.946,861.515,CONT
656,3127840.195,786163.352,871.545,CONT
657,3127836.762,786190.389,876.889,CONT
658,3127846.402,786164.175,871.163,CONT
659,3127861.864,786121.347,862.037,CONT
660,3127863.104,786121.409,861.969,CONT
661,3127865.328,786120.087,862.028,CONT
662,3127964.679,786320.616,853.874,ST
663,3127885.157,786266.08,868.611,DWN
664,3127886.837,786264.847,867.096,DWN
665,3127888.635,786262.96,866.28,DWN
666,3127891.589,786261.627,865.493,DWN
667,3127898.225,786257.314,867.695,DWN
668,3127897.263,786258.576,866.331,DWN
669,3127895.041,786260.089,866.308,DWN
670,3127893.188,786260.49,865.34,DWN
671,3127891.541,786277.314,865.586,DWN
672,3127892.984,786275.513,865.029,DWN
673,3127908.024,786260.894,867.317,DWN
674,3127895.677,786273.111,864.031,DWN
675,3127905.41,786263.276,865.908,DWN
676,3127902.427,786266.543,864.95,DWN
677,3127899.025,786269.679,864.612,DWN
678,3127896.857,786271.339,864.399,DWN
679,3127896.18,786286.441,864.775,DWN
680,3127897.062,786285.684,863.882,DWN
681,3127898.398,786284.765,862.705,DWN
682,3127900.429,786283.682,862.818,DWN
683,3127902.425,786282.507,862.732,DWN
684,3127904.024,786281.366,862.683,DWN
685,3127905.433,786280.03,862.669,DWN
686,3127916.2,786274.752,866.344,DWN
687,3127912.751,786276.259,863.884,DWN
688,3127909.343,786277.427,863.378,DWN
689,3127907.039,786278.72,862.978,DWN
690,3127902.596,786293.645,862.998,DWN
691,3127903.927,786292.075,862.241,DWN
692,3127905.764,786290.381,861.378,DWN
693,3127906.458,786289.898,860.811,DWN
694,3127921.488,786281.657,863.47,DWN
695,3127916.126,786283.289,863.598,DWN
696,3127912.521,786284.459,863.267,DWN
697,3127911.071,786285.686,861.736,DWN
698,3127909.814,786287.766,861.301,DWN
699,3127913.231,786301.454,859.528,DWN
700,3127915.404,786298.703,860.063,DWN
701,3127916.673,786297.805,859.535,DWN
702,3127917.655,786296.826,859.435,DWN
703,3127918.964,786295.668,859.211,DWN
704,3127928.118,786291.339,859.598,DWN
705,3127925.765,786291.81,859.853,DWN
706,3127921.588,786293.849,859.262,DWN
707,3127920.599,786315.666,858.124,DWN
708,3127923.408,786312.581,857.719,DWN
709,3127926.379,786310.027,857.387,DWN
710,3127927.774,786308.843,856.8,DWN
711,3127942.026,786296.97,858.468,DWN
712,3127939.362,786298.809,858.547,DWN
713,3127937.695,786299.8,857.645,DWN
714,3127936.065,786301.754,856.15,DWN
715,3127935.082,786303.432,856.252,DWN
716,3127933.925,786304.751,856.19,DWN
717,3127932.993,786306.739,857.065,DWN
718,3127930.424,786307.926,856.823,DWN
719,3127931.039,786324.665,856.644,DWN
720,3127932.778,786323.036,855.058,DWN
721,3127934.377,786321.613,854.543,DWN
722,3127936.923,786320.454,855.009,DWN
723,3127938.039,786319.494,854.574,DWN
724,3127939.811,786318.319,854.858,DWN
725,3127940.427,786317.748,855.256,DWN
726,3127941.37,786316.819,854.315,DWN
727,3127943.545,786315.331,854.659,DWN
728,3127946.358,786312.705,854.782,DWN
729,3127946.44,786311.86,855.666,DWN
730,3127948.028,786309.058,856.82,DWN
731,3127951.811,786304.249,856.493,DWN
732,3127938.539,786332.605,854.642,DWN
733,3127939.192,786332.005,853.861,DWN
734,3127940.029,786331.302,853.15,DWN
735,3127942.027,786330.048,853.429,DWN
736,3127944.06,786329.33,853.22,DWN
737,3127944.929,786329.056,853.061,DWN
738,3127964.005,786312.989,854.483,DWN
739,3127960.291,786315.936,854.632,DWN
740,3127957.514,786317.455,854.539,DWN
741,3127955.155,786319.326,854.539,DWN
742,3127953.994,786319.698,853.929,DWN
743,3127952.063,786320.802,853.802,DWN
744,3127949.757,786322.292,854.001,DWN
745,3127947.605,786323.455,853.879,DWN
746,3127945.531,786324.453,853.922,DWN
747,3127946.93,786345.967,853.11,DWN
748,3127947.84,786344.619,851.589,DWN
749,3127949.461,786342.138,851.232,DWN
750,3127951.927,786340.177,851.529,DWN
751,3127954.193,786337.94,851.324,DWN
752,3127954.603,786336.624,850.991,DWN
753,3127955.898,786335.162,850.9,DWN
754,3127957.016,786333.223,851.599,DWN
755,3127958.323,786331.018,852.013,DWN
756,3127960.082,786329.243,852.992,DWN
757,3127961.979,786328.052,853.446,DWN
758,3127963.967,786325.398,853.697,DWN
759,3127959.002,786358.204,851.291,DWN
760,3127960.089,786356.568,850.245,DWN
761,3127961.502,786354.716,848.924,DWN
762,3127963.025,786351.969,848.925,DWN
763,3127964.657,786349.866,848.931,DWN
764,3127965.479,786348.103,848.971,DWN
765,3127967.369,786346.21,849.437,DWN
766,3127967.321,786346.223,849.456,DWN
767,3127970.001,786342.64,849.756,DWN
768,3127981.73,786329.414,850.365,DWN
769,3127978.784,786331.55,850.379,DWN
770,3127976.315,786335.382,849.695,DWN
771,3127973.753,786340.605,849.557,DWN
772,3127971.351,786343.536,849.693,DWN
773,3127903.974,786263.463,865.792,SH
774,3127896.312,786266.197,865.392,SH
775,3127898.422,786264.863,865.399,SH
776,3127900.818,786263.246,865.402,SH
777,3127900.919,786263.192,865.301,SH
778,3127900.614,786262.926,865.253,SH
779,3127899.824,786263.488,865.241,SH
780,3127898.094,786264.713,865.267,SH
781,3127897.432,786265.181,865.205,SH
782,3127900.719,786261.907,865.792,SH
783,3127900.192,786262.312,865.594,SH
784,3127899.665,786262.716,865.283,SH
785,3127897.793,786264.161,865.726,SH
786,3127896.723,786264.984,865.312,SH
787,3127895.643,786265.772,865.479,SH
788,3127895.292,786266.047,865.251,SH
789,3127895.259,786266.074,865.068,SH
790,3127897.835,786261.788,865.875,SH
791,3127891.651,786267.845,867.378,SH
792,3127891.192,786267.174,867.258,SH
793,3127889.897,786268.794,867.919,SH
794,3127896.512,786260.801,866.14,SH
795,3127897.31,786259.841,866.319,SH
796,3127898.321,786258.71,866.887,SH
797,3127889.459,786268.817,867.989,SH
798,3127888.961,786269.531,867.967,SH
799,3127889.046,786269.417,867.843,SH
800,3127888.8,786267.924,868.413,SH
801,3127894.579,786255.669,867.425,SH
802,3127888.976,786267.458,868.823,SH
803,3127894.476,786255.424,868.612,SH
804,3127894.605,786255.165,868.843,SH
805,3127893.863,786254.13,868.338,SH
806,3127888.687,786267.16,868.489,SH
807,3127888.304,786267.735,868.255,SH
808,3127886.282,786269.891,868.464,SH
809,3127886.247,786270.167,868.131,SH
810,3127885.923,786269.144,868.352,SH
811,3127884.542,786267.971,868.392,SH
812,3127884.132,786268.151,868.454,SH
813,3127885.666,786271.351,868.715,SH
814,3127884.127,786271.948,867.922,SH
815,3127883.571,786271.697,868.036,SH
816,3127882.515,786271.219,868.025,SH
817,3127882.294,786271.12,868.159,SH
818,3127881.201,786270.628,868.411,SH
819,3127869.366,786264.068,870.464,SH
820,3127869.704,786264.821,870.417,SH
821,3127868.609,786265.493,870.469,SH
822,3127869.001,786266.647,870.411,SH
823,3127869.742,786267.526,870.338,SH
824,3127875.763,786271.594,868.759,SH
825,3127882.486,786272.822,868.949,SH
826,3127877.655,786272.918,868.815,SH
827,3127877.904,786272.919,868.561,SH
828,3127886.49,786270.177,868.224,SH
829,3127888.579,786268.968,867.205,SH
830,3127888.309,786274.181,867.724,SH
831,3127888.39,786274.348,867.628,SH
832,3127888.122,786274.565,867.672,SH
833,3127887.715,786274.464,867.885,SH
834,3127888.039,786275.197,867.423,SH
835,3127887.789,786275.482,867.36,SH
836,3127887.57,786275.425,867.45,SH
837,3127887.137,786275.204,867.667,SH
838,3127886.561,786275.052,867.824,SH
839,3127886.032,786275.158,867.744,SH
840,3127886.156,786274.455,868.304,SH
841,3127885.843,786276.241,867.523,SH
842,3127885.832,786276.303,867.771,SH
843,3127885.805,786276.464,867.938,SH
844,3127884.798,786276.169,867.925,SH
845,3127884.655,786275.411,868.108,SH
846,3127884.609,786275.364,868.111,SH
847,3127884.142,786275.491,867.985,SH
848,3127883.717,786275.359,867.918,SH
849,3127918.446,786300.416,859.631,SH
850,3127909.502,786293.212,860.899,SH
851,3127892.857,786280.111,866.508,SH
852,3127949.913,786321.087,854.265,SH
853,3127932.698,786307.097,857.316,SH
854,3127893.714,786281.63,866.496,SH
855,3127894.618,786283.018,866.124,SH
856,3127888.557,786276.328,867.705,SH
857,3127887.842,786274.535,867.466,SH
858,3127887.875,786274.57,867.494,SH
859,3127887.974,786274.422,867.541,SH
860,3127888.013,786274.399,867.532,SH
861,3127887.587,786274.586,867.978,SH
862,3127887.995,786275.28,867.535,SH
863,3127884.028,786275.583,867.661,SH
864,3127870.02,786260.458,872.119,SH
865,3127863.862,786252.458,873.584,SH
866,3127881.035,786267.232,870.226,SH
867,3127882.654,786268.548,869.921,SH
868,3127883.577,786274.736,868.421,SH
869,3127884.986,786273.872,868.478,SH
870,3127885.022,786273.988,868.157,SH
871,3127884.405,786274.118,867.847,SH
872,3127884.971,786273.51,868.252,SH
873,3127884.622,786273.489,868.08,SH
874,3127884.583,786272.98,868.096,SH
875,3127884.41,786272.674,867.992,SH
876,3127885.096,786272.613,868.338,SH
877,3127885.17,786272.432,868.343,SH
878,3127884.601,786271.836,867.929,SH
879,3127884.583,786271.597,867.849,SH
880,3127885.599,786271.983,868.379,SH
881,3127885.352,786271.292,868.006,SH
882,3127885.581,786271.213,868.027,SH
883,3127885.96,786271.447,868.214,SH
884,3127886.26,786271.184,868.106,SH
885,3127964.641,786320.593,883.214,
886,3127851.93,786330.931,863.873,SH06
887,3127897.714,786303.769,862.107,FORBAY
888,3127895.749,786299.985,862.24,FORBAY
889,3127894.053,786296.684,862.757,FORBAY
890,3127892.446,786293.795,863.109,FORBAY
891,3127888.37,786289.427,864.017,FORBAY
892,3127885.137,786287.112,864.808,FORBAY
893,3127882.025,786291.374,865.045,FORBAY
894,3127879.227,786284.213,866.4,FORBAY
895,3127877.201,786277.508,867.117,FORBAY
896,3127874.152,786278.054,867.755,FORBAY
897,3127871.499,786279.024,867.82,FORBAY
898,3127868.214,786280.283,868.532,FORBAY
899,3127864.658,786282.043,868.992,FORBAY
900,3127860.406,786282.099,869.655,FORBAY
901,3127853.661,786281.255,870.749,FORBAY
902,3127849.045,786280.143,871.606,FORBAY
903,3127842.561,786280.231,871.814,FORBAY
904,3127831.682,786282.669,873.024,FORBAY
905,3127826.076,786292.245,871.612,FORBAY
906,3127834.854,786293.753,870.815,FORBAY
907,3127849.867,786294.444,868.491,FORBAY
908,3127856.852,786294.683,868.073,FORBAY
909,3127862.548,786295.242,867.764,FORBAY
910,3127868.184,786295.516,867.198,FORBAY
911,3127929.95,786380.209,849.568,ST05
912,3127821.774,786333.609,863.93,FORBAY
913,3127821.738,786331.131,864.022,FORBAY
914,3127821.446,786324.474,863.86,FORBAY
915,3127849.859,786329.406,863.613,FORBAY
916,3127852.005,786327.927,863.49,FORBAY
917,3127853.422,786328.25,863.571,FORBAY
918,3127854.536,786328.199,863.436,FORBAY
919,3127855.089,786329.463,863.565,FORBAY
920,3127855.433,786329.854,863.716,FORBAY
921,3127856.209,786329.845,863.924,FORBAY
922,3127859.154,786329.122,863.6,FORBAY
923,3127859.507,786328.784,863.875,FORBAY
924,3127859.043,786328.261,863.889,FORBAY
925,3127859.749,786327.32,863.73,FORBAY
926,3127857.873,786326.499,863.746,FORBAY
927,3127856.308,786325.672,863.615,FORBAY
928,3127855.049,786325.622,863.38,FORBAY
929,3127854.943,786325.442,863.498,FORBAY
930,3127852.813,786328.275,864.49,FORBAY
931,3127853.01,786324.53,863.432,FORBAY
932,3127851.774,786327.885,864.418,FORBAY
933,3127854.535,786329.374,863.592,FORBAY
934,3127855.106,786328.328,863.613,FORBAY
935,3127855.735,786327.212,863.918,FORBAY
936,3127855.489,786327.315,864.187,FORBAY
937,3127856.754,786324.563,864.107,FORBAY
938,3127854.252,786327.493,864.762,FORBAY
939,3127853.851,786325.962,864.044,FORBAY
940,3127858.168,786330.301,863.863,FORBAY
941,3127854.173,786330.78,863.883,FORBAY
942,3127855.096,786330.723,863.785,FORBAY
943,3127855.976,786330.599,863.778,FORBAY
944,3127856.75,786330.471,863.816,FORBAY
945,3127860.351,786329.874,863.904,FORBAY
946,3127866.844,786328.508,863.94,FORBAY
947,3127869.003,786327.497,863.783,FORBAY
948,3127859.005,786329.168,864.617,FORBAY
949,3127860.576,786313.292,864.03,FORBAY
950,3127810.584,786306.179,869.111,FORBAY
951,3127817.318,786309.275,867.824,FORBAY
952,3127814.691,786305.662,868.532,FORBAY
953,3127810.98,786300.384,869.74,FORBAY
954,3127808.207,786294.393,870.719,FORBAY
955,3127804.7,786287.605,871.519,FORBAY
956,3127820.867,786317.361,864.009,FORBAY
957,3127820.869,786316.801,864.992,FORBAY
958,3127855.53,786313.933,864.598,FORBAY
959,3127850.84,786314.605,864.661,FORBAY
960,3127845.331,786314.448,865.197,FORBAY
961,3127840.735,786315.312,864.631,FORBAY
962,3127838.168,786315.054,864.546,FORBAY
963,3127835.512,786315.457,864.578,FORBAY
964,3127834.492,786314.763,865.709,FORBAY
965,3127834.309,786314.73,865.922,FORBAY
966,3127847.217,786327.287,865.619,FORBAY
967,3127828.369,786315.601,865.523,FORBAY
968,3127839.276,786325.085,865.525,FORBAY
969,3127816.558,786333.903,864.24,FORBAY
970,3127839.394,786332.166,864.056,FORBAY
971,3127841.599,786331.896,863.964,FORBAY
972,3127842.437,786331.81,863.973,FORBAY
973,3127843.82,786331.796,863.961,FORBAY
974,3127846.474,786331.352,863.874,FORBAY
975,3127847.639,786331.263,863.837,FORBAY
976,3127848.191,786331.229,863.845,FORBAY
977,3127849.472,786331.072,863.861,FORBAY
978,3127850.092,786330.997,863.922,FORBAY
979,3127850.375,786331.036,863.911,FORBAY
980,3127822.147,786330.561,864.198,FORBAY
981,3127833.277,786329.387,863.732,FORBAY
982,3127841.538,786330.016,863.499,FORBAY
983,3127841.875,786330.043,863.474,FORBAY
984,3127843.722,786329.986,863.755,FORBAY
985,3127844.363,786329.662,863.485,FORBAY
986,3127844.477,786329.672,863.517,FORBAY
987,3127847.376,786328.491,863.446,FORBAY
988,3127847.652,786328.29,863.452,FORBAY
989,3127848.114,786328.227,863.442,FORBAY
990,3127851.041,786326.021,863.403,FORBAY
991,3127879.306,786308.374,863.367,FORBAY
992,3127877.784,786306.178,863.342,FORBAY
993,3127874.04,786302.223,865.176,FORBAY
994,3127876.598,786310.517,863.274,FORBAY
995,3127875.88,786307.649,863.328,FORBAY
996,3127871.009,786301.197,865.588,FORBAY
997,3127874.645,786309.226,863.238,FORBAY
998,3127868.296,786298.649,866.653,FORBAY
999,3127870.637,786315.638,863.331,FORBAY
1000,3127869.465,786304.942,865.74,FORBAY
1001,3127867.989,786316.145,863.404,FORBAY
1002,3127867.286,786301.496,866.326,FORBAY
1003,3127867.261,786301.493,866.289,FORBAY
1004,3127867.333,786306.533,865.706,FORBAY
1005,3127864.243,786301.974,866.746,FORBAY
1006,3127868.843,786314.197,863.221,FORBAY
1007,3127864.54,786308.585,865.001,FORBAY
1008,3127861.861,786305.183,865.621,FORBAY
1009,3127856.178,786300.325,866.929,FORBAY
1010,3127862.168,786310.244,865.165,FORBAY
1011,3127859.739,786306.294,865.731,FORBAY
1012,3127849.898,786299.609,867.887,FORBAY
1013,3127858.173,786311.696,864.764,FORBAY
1014,3127855.303,786306.178,866.113,FORBAY
1015,3127854.574,786312.324,865.288,FORBAY
1016,3127852.036,786307.902,865.901,FORBAY
1017,3127846.75,786303.051,867.68,FORBAY
1018,3127849.256,786313.064,865.128,FORBAY
1019,3127847.426,786309.017,866.036,FORBAY
1020,3127844.564,786313.205,865.701,FORBAY
1021,3127844.038,786311.039,865.795,FORBAY
1022,3127840.1,786306.949,867.311,FORBAY
1023,3127839.461,786313.099,865.976,FORBAY
1024,3127840.324,786310.436,866.539,FORBAY
1025,3127836.242,786313.264,865.56,FORBAY
1026,3127838.267,786311.273,865.991,FORBAY
1027,3127833.877,786306.965,867.913,FORBAY
1028,3127833.851,786307.019,867.885,FORBAY
1029,3127832.411,786313.205,866.518,FORBAY
1030,3127834.682,786311.302,866.213,FORBAY
1031,3127830.74,786308.056,867.624,FORBAY
1032,3127832.603,786311.236,866.92,FORBAY
1033,3127829.29,786313.074,866.527,FORBAY
1034,3127829.251,786313.058,866.541,FORBAY
1035,3127829.52,786310.983,866.885,FORBAY
1036,3127826.856,786308.885,867.696,FORBAY
1037,3127826.858,786308.816,867.703,FORBAY
1038,3127825.294,786312.782,867.011,FORBAY
1039,3127827.67,786311.195,866.726,FORBAY
1040,3127822.916,786308.877,867.824,FORBAY
1041,3127840.978,786328.164,863.553,FORBAY
1042,3127839.833,786327.975,863.697,FORBAY
1043,3127846.839,786328.077,864.544,FORBAY
1044,3127846.36,786325.27,863.649,FORBAY
1045,3127846.676,786324.192,863.524,FORBAY
1046,3127849.389,786326.245,864.19,FORBAY
1047,3127849.426,786324.381,863.842,FORBAY
1048,3127848.941,786325.127,863.578,FORBAY
1049,3127848.506,786325.708,863.654,FORBAY
1050,3127847.583,786325.618,863.492,FORBAY
1051,3127846.952,786326.715,863.582,FORBAY
1052,3127846.598,786327.1,863.582,FORBAY
1053,3127847.914,786328.505,864.117,FORBAY
1054,3127846.276,786327.944,863.772,FORBAY
1055,3127844.804,786327.508,863.545,FORBAY
1056,3127844.964,786327.811,863.707,FORBAY
1057,3127834.981,786325.698,865.867,FORBAY
1058,3127793.39,786300.015,872.42,FORBAY
1059,3127796.42,786299.377,871.652,FORBAY
1060,3127794.821,786291.942,873.085,FORBAY
1061,3127796.792,786289.703,873.399,FORBAY
1062,3127837.652,786314.929,865.363,FORBAY
1063,3127837.331,786315.232,865.332,FORBAY
1064,3127882.05,786302.304,864.004,FORBAY
1065,3127885.162,786302.834,863.945,FORBAY
1066,3127888.342,786301.369,863.841,FORBAY
1067,3127855.969,786327.803,865.004,FORBAY
1068,3127855.92,786327.176,864.982,FORBAY
1069,3127855.019,786327.713,865.072,FORBAY
1070,3127860.977,786327.509,864.639,FORBAY
1071,3127858.472,786328.648,864.763,FORBAY
1072,3127858.462,786328.65,864.764,FORBAY
1073,3127862.538,786328.773,864.001,FORBAY
1074,3127853.703,786326.658,863.535,FORBAY
1075,3127851.948,786326.494,863.607,FORBAY
1076,3127847.291,786327.827,863.55,FORBAY
1077,3127821.854,786324.781,863.676,FORBAY
1078,3127822.241,786330.934,863.892,FORBAY
1079,3127801.923,786332.36,863.851,FORBAY
1080,3127872.484,786323.101,863.428,FORBAY
1081,3127868.829,786317.807,863.318,FORBAY
1082,3127873.13,786314.85,863.529,FORBAY
1083,3127876.607,786319.633,863.605,FORBAY
1084,3127857.46,786334.106,859.408,FORBAY
1085,3127857.513,786333.873,860.775,penstock
1086,3127863.381,786333.573,860.51,penstock
1087,3127867.646,786333.195,860.942,penstock
1088,3127870.972,786332.319,859.784,penstock
1089,3127876.254,786327.439,861.884,penstock
1090,3127864.397,786348.711,860.136,penstock
1091,3127868.583,786346.45,860.447,penstock
1092,3127871.387,786345.074,857.43,penstock
1093,3127875.524,786342.773,857.323,penstock
1094,3127882.857,786337.452,859.451,penstock
1095,3127868.475,786354.258,856.743,penstock
1096,3127872.691,786353.774,856.589,penstock
1097,3127875.54,786352.698,856.532,penstock
1098,3127879.403,786350.626,855.72,penstock
1099,3127884.552,786347.399,857.785,penstock
1100,3127876.596,786368.846,856.431,penstock
1101,3127880.004,786367.873,854.446,penstock
1102,3127883.778,786366.73,853.464,penstock
1103,3127887.192,786365.638,853.427,penstock
1104,3127891.482,786362.437,853.967,penstock
1105,3127877.864,786376.319,854.287,penstock
1106,3127883.33,786374.967,852.815,penstock
1107,3127887.315,786373.914,852.521,penstock
1108,3127889.963,786374.069,852.645,penstock
1109,3127894.243,786373.845,852.615,penstock
1110,3127881.124,786386.928,851.585,penstock
1111,3127884.34,786385.519,851.226,penstock
1112,3127889.322,786385.105,851.076,penstock
1113,3127894.443,786384.284,851.478,penstock
1114,3127899.284,786382.869,849.679,penstock
1115,3127883.342,786395.54,851.031,penstock
1116,3127887.414,786394.95,849.702,penstock
1117,3127890.732,786395.319,849.981,penstock
1118,3127897.329,786393.858,850.15,penstock
1119,3127907.715,786392.362,847.918,penstock
1120,3127883.332,786403.294,849.004,penstock
1121,3127887.04,786403.38,848.7,penstock
1122,3127892.258,786403.621,848.579,penstock
1123,3127901.524,786400.627,848.47,penstock
1124,3127910.287,786397.424,846.882,penstock
1125,3127883.771,786411.124,848.148,penstock
1126,3127887.599,786410.791,848.07,penstock
1127,3127893.468,786411.141,847.714,penstock
1128,3127902.816,786410.644,846.409,penstock
1129,3127909.759,786404.675,846.418,penstock
1130,3127884.001,786420.178,847.057,penstock
1131,3127888.745,786419.855,847.166,penstock
1132,3127895.497,786419.849,846.318,penstock
1133,3127908.697,786418.821,844.88,penstock
1134,3127914.752,786418.413,846.262,penstock
1135,3127884.917,786428.316,845.844,penstock
1136,3127890.848,786427.161,846.42,penstock
1137,3127898.93,786426.319,845.135,penstock
1138,3127908.423,786425.005,844.966,penstock
1139,3127918.522,786423.428,845.331,penstock
1140,3127886.837,786436.365,845.275,penstock
1141,3127892.961,786434.354,845.29,penstock
1142,3127902.936,786430.791,844.186,penstock
1143,3127910.175,786428.777,843.603,penstock
1144,3127919.837,786425.796,844.94,penstock
1145,3127891.029,786446.103,844.004,penstock
1146,3127897.9,786442.298,843.987,penstock
1147,3127905.913,786438.061,844.139,penstock
1148,3127911.744,786434.467,843.888,penstock
1149,3127921.345,786428.705,844.449,penstock
1150,3127892.774,786474.142,844.627,penstock
1151,3127890.501,786447.734,844.013,powerhouse
1152,3127880.636,786449.742,844.739,powerhouse
1153,3127872.7,786451.255,844.487,powerhouse
1154,3127859.918,786451.694,845.277,powerhouse
1155,3127848.64,786452.644,845.359,powerhouse
1156,3127841.239,786454.485,846.343,powerhouse
1157,3127840.935,786470.44,846.296,powerhouse
1158,3127839.463,786479.693,847.149,powerhouse
1159,3127839.209,786491.426,847.349,powerhouse
1160,3127839.01,786496.957,847.593,powerhouse
1161,3127836.666,786506.338,848.544,powerhouse
1162,3127853.831,786514.466,848.153,powerhouse
1163,3127861.879,786515.284,847.77,powerhouse
1164,3127873.714,786513.215,847.015,powerhouse
1165,3127887.401,786511.173,846.648,powerhouse
1166,3127898.082,786508.755,846.336,powerhouse
1167,3127909.674,786505.603,845.188,powerhouse
1168,3127920.367,786502.115,844.169,powerhouse
1169,3127933.431,786491.33,843.136,powerhouse
1170,3127943.315,786485.39,841.309,powerhouse
1171,3127949.839,786482.843,841.556,powerhouse
1172,3127949.953,786482.819,841.392,powerhouse
1173,3127954.883,786480.761,840.089,powerhouse
1174,3127946.903,786469.525,840.584,powerhouse
1175,3127943.63,786463.7,840.835,powerhouse
1176,3127935.705,786451.629,841.531,powerhouse
1177,3127935.717,786451.614,841.53,powerhouse
1178,3127930.235,786442.733,842.297,powerhouse
1179,3127928.064,786436.669,842.248,powerhouse
1180,3127921.165,786427.993,844.552,powerhouse
1181,3127851.907,786330.906,863.89,ST
1182,3127902.213,786431.35,844.281,CONT
1183,3127900.579,786432.248,844.239,CONT
1184,3127897.019,786436.387,844.228,CONT
1185,3127910.534,786426.889,844.376,CONT
1186,3127907.738,786427.605,844.355,CONT
1187,3127906.245,786428.631,844.285,CONT
1188,3127902.255,786431.363,844.197,CONT
1189,3127893.556,786436.515,844.141,CONT
1190,3127889.683,786461.046,844.296,CONT
1191,3127889.442,786461.037,844.29,CONT
1192,3127889.134,786461.201,844.301,CONT
1193,3127888.64,786461.139,844.351,CONT
1194,3127886.275,786461.078,844.529,CONT
1195,3127886.288,786462.582,844.516,CONT
1196,3127884.137,786465.354,844.127,CONT
1197,3127883.745,786465.622,844.194,CONT
1198,3127882.651,786465.905,844.382,CONT
1199,3127879.44,786465.707,844.588,CONT
1200,3127878.514,786465.653,844.677,CONT
1201,3127877.82,786465.476,844.74,CONT
1202,3127873.823,786464.767,844.998,CONT
1203,3127872.229,786464.677,845.204,CONT
1204,3127871.516,786464.947,845.238,CONT
1205,3127879.164,786470.591,845.513,CONT
1206,3127879.073,786473.186,845.544,CONT
1207,3127879.145,786473.788,845.605,CONT
1208,3127878.968,786475.975,845.76,CONT
1209,3127879.987,786478.96,845.743,CONT
1210,3127885.708,786479.555,846.273,CONT
1211,3127888.207,786478.938,845.767,CONT
1212,3127889.769,786473.164,844.749,CONT
1213,3127890.109,786473.05,844.75,CONT
1214,3127895.442,786469.036,844.178,CONT
1215,3127895.01,786468.848,844.182,CONT
1216,3127894.4,786468.625,844.181,CONT
1217,3127893.696,786468.52,844.198,CONT
1218,3127893.01,786468.713,844.343,CONT
1219,3127897.293,786470.168,844.162,CONT
1220,3127898.304,786469.275,844.184,CONT
1221,3127899.054,786470.21,844.174,CONT
1222,3127899.637,786471.154,844.154,CONT
1223,3127901.23,786471.408,844.113,CONT
1224,3127901.888,786473.397,844.055,CONT
1225,3127903.679,786474.414,844.026,CONT
1226,3127908.064,786476.236,843.914,CONT
1227,3127897.654,786480.634,844.646,CONT
1228,3127900.162,786483.934,844.583,CONT
1229,3127899.329,786484.541,844.58,CONT
1230,3127893.362,786479.949,845.356,CONT
1231,3127891.306,786479.974,845.374,CONT
1232,3127891.423,786479.503,845.306,CONT
1233,3127889.97,786481.896,845.397,CONT
1234,3127903.836,786487.505,844.694,CONT
1235,3127910.591,786492.337,844.747,CONT
1236,3127907.848,786487.29,845.029,CONT
1237,3127905.369,786481.882,845.273,CONT
1238,3127904.677,786480.175,845.35,CONT
1239,3127922.35,786482.997,843.779,CONT
1240,3127925.364,786479.146,843.62,CONT
1241,3127982.698,786464.004,840.481,CONT
1242,3127997.938,786458.715,839.273,CONT
1243,3127929.433,786436.475,842.683,CONT
1244,3127902.317,786464.328,844.794,CONT
1245,3127924.644,786433.245,843.148,CONT
1246,3127923.329,786431.578,843.117,CONT
1247,3127921.665,786429.232,843.49,CONT
1248,3127908.78,786438.617,843.065,CONT
1249,3127907.592,786439.102,843.136,CONT
1250,3127899.075,786464.813,844.272,CONT
1251,3127934.406,786458.009,841.703,TAIL
1252,3127901.644,786469.847,843.522,TAIL
1253,3127936.525,786461.801,841.091,TAIL
1254,3127940.253,786468.384,841.379,TAIL
1255,3127938.915,786464.833,840.933,TAIL
1256,3127930.728,786451.27,842.154,TAIL
1257,3127915.31,786459.37,842.937,TAIL
1258,3127901.838,786469.91,843.554,TAIL
1259,3127945.627,786452.833,841.259,TAIL
1260,3127947.029,786456.786,841.033,TAIL
1261,3127948.998,786460.808,840.82,TAIL
1262,3127961.17,786446.473,840.147,TAIL
1263,3127964.206,786450.464,839.858,TAIL
1264,3127967.165,786458.275,839.883,TAIL
1265,3127968.983,786463.069,839.87,TAIL
1266,3127959.944,786441.794,840.523,TAIL
1267,3127975.543,786442.513,839.643,TAIL
1268,3127975.555,786438.775,839.622,TAIL
1269,3127976.393,786447.411,839.58,TAIL
1270,3127977.466,786451.195,839.587,TAIL
1271,3127978.584,786455.93,839.591,TAIL
1272,3127986.664,786437.042,838.819,TAIL
1273,3127985.514,786444.524,839.08,TAIL
1274,3127984.887,786458.495,839.448,TAIL
1275,3127985.983,786442.358,839.089,TAIL
1276,3127993.097,786457.556,838.981,TAIL
1277,3127994.927,786444.294,838.489,TAIL
1278,3127997.281,786436.522,838.544,TAIL
1279,3127998.747,786430.112,838.364,TAIL
1280,3127997.874,786424.252,839.453,TAIL
1281,3128008.222,786428.826,839.083,TAIL
1282,3128009.308,786423.534,839.056,TAIL
1283,3128006.824,786436.727,838.004,TAIL
1284,3128004.838,786441.635,838.037,TAIL
1285,3128022.98,786412.62,838.704,TAIL
1286,3128019.985,786418.467,838.497,TAIL
1287,3128019.98,786418.501,838.498,TAIL
1288,3128019.699,786421.328,838.563,TAIL
1289,3128021.331,786424.142,838.429,TAIL
1290,3128019.626,786430.974,838.361,TAIL
1291,3128021.524,786423.221,838.472,TAIL
1292,3127904.882,786441.628,842.418,BC
1293,3127906.954,786445.718,842.379,BC
1294,3127912.422,786443.381,842.59,BC
1295,3127910.57,786439.124,842.506,BC
1296,3127911.505,786456.756,842.895,BC
1297,3127912.549,786459.295,842.965,BC
1298,3127916.224,786458.175,842.951,BC
1299,3127915.455,786455.122,842.967,BC
1300,3127915.451,786455.126,842.967,BC
1301,3127871.799,786467.971,845.67,BC
1302,3127872.003,786474.053,845.855,BC
1303,3127850.783,786475.803,846.293,BC
1304,3127936.992,786447.725,841.573,BC
1305,3127935.863,786444.899,841.541,BC
1306,3127945.143,786444.664,841.155,BC
1307,3127960.853,786438.16,840.341,BC
1308,3127898.332,786471.348,843.82,BC
1309,3127896.888,786462.125,844.327,CONT
1310,3127901.226,786463.93,844.263,CONT
1311,3127884.084,786453.558,844.375,PH/RD
1312,3127885.314,786453.156,844.381,PH/RD
1313,3127886.286,786451.762,844.305,PH/RD
1314,3127886.019,786447.894,844.512,PH/RD
1315,3127885.321,786448.036,844.51,PH/RD
1316,3127881.969,786444.851,844.65,PH/RD
1317,3127882.417,786443.984,844.777,PH/RD
1318,3127883.324,786443.324,844.762,PH/RD
1319,3127902.897,786471.334,844.124,CONT
1320,3127903.23,786472.301,844.088,CONT
1321,3127922.182,786468.532,843.458,CONT
1322,3127911.963,786477.74,843.801,CONT
1323,3127886.271,786384.96,851.333,CONT
1324,3127884.694,786415.529,847.639,CONT
1325,3127893.91,786462.551,845.186,CONT
1326,3127903.196,786416.361,846.737,CONT
1327,3127925.895,786405.905,846.929,CONT
1328,3127888.19,786472.552,845.035,CONT
1329,3127888.684,786475.37,845.164,CONT
1330,3127888.666,786470.532,844.624,CONT
1331,3127890.52,786469.291,844.65,CONT
1332,3127894.761,786465.826,844.289,CONT
1333,3127898.976,786463.324,844.258,CONT
1334,3127901.905,786442.478,844.148,CONT
1335,3127898.728,786466.74,844.341,CONT
1336,3127959.186,786380.682,848.298,CONT
1337,3127904.838,786481.841,845.145,CONT
1338,3127908.872,786490.047,844.615,CONT
1339,3127892.135,786476.752,845.626,CONT
1340,3127891.575,786476.767,845.037,CONT
1341,3127891.634,786476.826,845.005,CONT
1342,3127891.624,786476.832,845.055,CONT
1343,3127888.891,786479.065,845.598,CONT
1344,3127888.093,786478.41,845.593,CONT
1345,3127909.187,786479.798,844.412,POLE
1346,3127905.727,786482.867,844.455,POLE
1347,3127868.238,786476.928,847.532,POLE
1348,3127866.046,786476.636,847.746,POLE
1349,3127886.422,786272.953,867.601,ST04
1350,3128051.835,786417.575,837.701,minor 2
1351,3127980.627,786332.91,849.678,tailrace up
1352,3127978.868,786335.537,849.318,tailrace up
1353,3127976.619,786338.166,849.264,tailrace up
1354,3127974.279,786341.803,849.346,tailrace up
1355,3127971.822,786345.799,849.444,tailrace up
1356,3127964.912,786356.58,849.477,tailrace up
1357,3127964.157,786357.189,848.534,tailrace up
1358,3127962.511,786362.26,850.508,tailrace up
1359,3127964.62,786360.139,848.074,tailrace up
1360,3127975.612,786372.293,848.345,tailrace up
1361,3127975.764,786370.93,846.702,tailrace up
1362,3127977.297,786368.937,846.463,tailrace up
1363,3127977.613,786368.066,845.766,tailrace up
1364,3127979.198,786365.875,845.895,tailrace up
1365,3127981.062,786362.944,845.669,tailrace up
1366,3127981.845,786359.243,845.858,tailrace up
1367,3127983.789,786355.52,846.712,tailrace up
1368,3127985.753,786353.059,846.662,tailrace up
1369,3127987.176,786351.168,845.79,tailrace up
1370,3127988.087,786348.892,846.175,tailrace up
1371,3127990.087,786346.019,846.972,tailrace up
1372,3127991.318,786343.655,847.36,tailrace up
1373,3127984.487,786377.98,846.972,tailrace up
1374,3127984.718,786377.511,846.062,tailrace up
1375,3127985.255,786376.265,845.449,tailrace up
1376,3127986.536,786374.79,845.03,tailrace up
1377,3127987.715,786373.521,844.483,tailrace up
1378,3127988.91,786372.127,844.43,tailrace up
1379,3128003.789,786355.035,845.277,tailrace up
1380,3128001.688,786356.989,844.812,tailrace up
1381,3128000.427,786359.051,844.077,tailrace up
1382,3127997.798,786361.97,844.265,tailrace up
1383,3127994.499,786365.723,844.323,tailrace up
1384,3127993.853,786367.308,844.216,tailrace up
1385,3127992.442,786369.826,844.752,tailrace up
1386,3127990.304,786372.32,844.307,tailrace up
1387,3127995.713,786385.143,845.521,tailrace up
1388,3127996.009,786384.425,843.765,tailrace up
1389,3127996.363,786383.931,843.358,tailrace up
1390,3127997.475,786382.783,843.071,tailrace up
1391,3127998.276,786381.647,842.504,tailrace up
1392,3127998.925,786380.997,841.924,tailrace up
1393,3128000.166,786378.979,842.024,tailrace up
1394,3128001.378,786377.623,841.71,tailrace up
1395,3128002.775,786375.735,842.855,tailrace up
1396,3128005.389,786373.361,841.723,tailrace up
1397,3128006.464,786370.98,841.601,tailrace up
1398,3128008.398,786368.7,841.16,tailrace up
1399,3128010.054,786367.912,841.437,tailrace up
1400,3128010.22,786367.56,842.422,tailrace up
1401,3128011.207,786366.848,842.529,tailrace up
1402,3128011.447,786366.732,844.344,tailrace up
1403,3128012.387,786365.972,844.351,tailrace up
1404,3128009.454,786388.931,840.999,tailrace up
1405,3128010.69,786387.47,840.672,tailrace up
1406,3128011.245,786385.969,840.16,tailrace up
1407,3128011.995,786385.107,839.934,tailrace up
1408,3128021.209,786376.213,841.658,tailrace up
1409,3128020.131,786376.927,841.55,tailrace up
1410,3128019.807,786377.189,840.529,tailrace up
1411,3128017.674,786378.443,840.299,tailrace up
1412,3128016.668,786379.496,840.242,tailrace up
1413,3128014.743,786380.615,840.312,tailrace up
1414,3128016.47,786395.528,840.658,tailrace up
1415,3128017.48,786394.81,840.096,tailrace up
1416,3128018.602,786393.649,839.862,tailrace up
1417,3128019.23,786392.612,839.363,tailrace up
1418,3128020.312,786391.291,838.951,tailrace up
1419,3128020.735,786388.885,839.271,tailrace up
1420,3128021.632,786386.966,839.299,tailrace up
1421,3128023.944,786384.47,839.808,tailrace up
1422,3128027.079,786382.237,840.014,tailrace up
1423,3128029.683,786380.338,842.128,tailrace up
1424,3128023.401,786398.21,840.325,tailrace up
1425,3128023.974,786397.532,839.105,tailrace up
1426,3128024.101,786396.677,838.496,tailrace up
1427,3128024.395,786396.031,838.29,tailrace up
1428,3128033.951,786387.055,840.759,tailrace up
1429,3128032.919,786387.858,840.744,tailrace up
1430,3128031.859,786388.551,840.063,tailrace up
1431,3128030.325,786389.296,839.189,tailrace up
1432,3128027.965,786391.651,838.768,tailrace up
1433,3128026.753,786392.857,838.259,tailrace up
1434,3128025.164,786394.289,838.57,tailrace up
1435,3128030.267,786402.711,839.12,tailrace up
1436,3128031.301,786401.528,838.294,tailrace up
1437,3128032.171,786400.193,837.973,tailrace up
1438,3128032.58,786399.582,837.639,tailrace up
1439,3128032.808,786398.161,837.909,tailrace up
1440,3128033.622,786396.893,837.485,tailrace up
1441,3128034.487,786396.51,837.343,tailrace up
1442,3128034.464,786396.299,838.449,tailrace up
1443,3128035.988,786394.208,838.878,tailrace up
1444,3128036.105,786394.137,839.688,tailrace up
1445,3128036.556,786393.887,840.497,tailrace up
1446,3128037.473,786392.946,840.49,tailrace up
1447,3128035.341,786409.519,838.825,tailrace up
1448,3128035.723,786408.429,838.006,tailrace up
1449,3128036.613,786406.263,837.574,tailrace up
1450,3128037.434,786404.488,837.736,tailrace up
1451,3128038.127,786402.91,837.749,tailrace up
1452,3128038.391,786401.85,837.319,tailrace up
1453,3128039.158,786401.323,836.841,tailrace up
1454,3128039.544,786400.822,836.781,tailrace up
1455,3128040.02,786399.515,836.785,tailrace up
1456,3128039.876,786399.24,837.949,tailrace up
1457,3128040.354,786397.83,838.754,tailrace up
1458,3128040.379,786397.546,839.61,tailrace up
1459,3128041.14,786396.518,839.587,tailrace up
1460,3128044.801,786413.332,837.928,tailrace up
1461,3128045.17,786412.476,837.138,tailrace up
1462,3128046.231,786410.33,836.742,tailrace up
1463,3128047.743,786407.401,836.799,tailrace up
1464,3128056.353,786416.008,834.781,tailrace up
1465,3127986.474,786340.937,849.658,tailrace up
1466,3128048.351,786401.21,838.248,tailrace up
1467,3128048.206,786402.339,838.165,tailrace up
1468,3128047.703,786404.5,836.585,tailrace up
1469,3127975.572,786320.522,853.206,CONT
1470,3127970.581,786317.81,853.139,CONT
1471,3127966.428,786317.382,854.021,CONT
1472,3127964.446,786317.612,854.251,CONT
1473,3127963.535,786319.271,854.681,CONT
1474,3127961.816,786320.098,854.286,CONT
1475,3127965.116,786318.479,853.943,CONT
1476,3127966.895,786318.805,853.523,CONT
1477,3127967.729,786320.935,853.397,CONT
1478,3127965.315,786322.587,854.015,CONT
1479,3127963.207,786322.213,853.952,CONT
1480,3127961.482,786315.834,854.525,CONT
1481,3127960.853,786312.331,855.132,CONT
1482,3127950.323,786309.94,855.875,CONT
1483,3127981.115,786326.453,851.935,CONT
1484,3127982.011,786327.674,851.427,CONT
1485,3127983.372,786329.57,850.785,CONT
1486,3127986.374,786334.185,850.108,CONT
1487,3127964.624,786320.573,853.904,minor 2
1488,3128049.91,786415.147,837.736,minor 2
1489,3128049.989,786414.264,836.763,minor 2
1490,3128050.851,786412.169,836.432,minor 2
1491,3128051.984,786408.947,836.007,minor 2
1492,3128053.754,786406.899,836.68,minor 2
1493,3128054.631,786403.91,837.462,minor 2
1494,3128054.023,786405.814,837.016,minor 2
1495,3128055.544,786415.995,837.572,minor 2
1496,3128055.584,786415.647,836.671,minor 2
1497,3128057.596,786413.423,835.448,minor 2
1498,3128058.636,786410.533,836.04,minor 2
1499,3128059.967,786407.106,836.471,minor 2
1500,3128060.286,786404.326,836.982,minor 2
1501,3128067.672,786405.031,837.03,minor 2
1502,3128068.538,786409.775,834.942,Tail do
1503,3128069.25,786410.821,834.509,Tail do
1504,3128069.115,786413.171,834.783,Tail do
1505,3128069.206,786415.999,835.608,Tail do
1506,3128068.734,786417.283,836.481,Tail do
1507,3128073.698,786405.369,836.686,Tail do
1508,3128074.69,786408.506,834.104,Tail do
1509,3128084.658,786405.793,833.053,Tail do
1510,3128075.181,786409.851,834.667,Tail do
1511,3128075.995,786412.946,834.321,Tail do
1512,3128075.866,786415.563,835.33,Tail do
1513,3128075.226,786417.57,835.888,Tail do
1514,3128083.747,786404.809,836.094,Tail do
1515,3128083.111,786409.715,833.365,Tail do
1516,3128082.441,786410.78,834.066,Tail do
1517,3128082.222,786413.948,833.956,Tail do
1518,3128053.142,786417.562,835.793,Tail do
1519,3128097.002,786406.69,834.474,Tail do
1520,3128095.223,786409.51,832.805,Tail do
1521,3128093.264,786413.127,832.941,Tail do
1522,3128115.321,786408.233,832.469,Tail do
1523,3128134.364,786412.367,830.6,Tail do
1524,3128055.135,786418.832,835.808,CONT
1525,3128054.703,786419.445,835.836,CONT
1526,3128053.369,786420.303,835.948,CONT
1527,3128052.923,786420.818,835.913,CONT
1528,3128051.196,786425.805,835.94,CONT
1529,3128050.27,786426.275,835.847,CONT
1530,3128046.132,786436.474,835.969,CONT
1531,3128043.703,786440.143,835.871,CONT
1532,3128042.999,786440.108,835.763,CONT
1533,3128041.563,786439.394,835.844,CONT
1534,3128039.808,786438.578,835.838,CONT
1535,3128038.419,786437.807,835.833,CONT
1536,3128037.295,786437.547,835.965,CONT
1537,3128035.538,786436.848,835.994,CONT
1538,3128046.208,786428.913,835.921,CONT
1539,3128046.96,786430.344,835.818,CONT
1540,3128049.963,786425.93,835.872,CONT
1541,3128050.294,786422.52,835.882,CONT
1542,3128050.795,786420.895,835.797,CONT
1543,3128049.684,786420.3,835.804,CONT
1544,3128048.877,786419.271,835.836,CONT
1545,3128049.215,786416.681,836.118,CONT
1546,3128048.581,786415.677,836.14,CONT
1547,3128039.063,786414.569,836.585,CONT
1548,3128037.927,786415.203,836.404,CONT
1549,3128037.333,786416.082,836.485,CONT
1550,3128035.695,786421.415,836.381,CONT
1551,3128035.2,786422.48,836.344,CONT
1552,3128034.247,786424.191,836.267,CONT
1553,3128033.319,786426.307,836.182,CONT
1554,3128032.897,786426.936,836.453,CONT
1555,3128032.267,786428.148,836.411,CONT
1556,3128031.507,786429.559,836.36,CONT
1557,3128043.787,786416.638,835.905,CONT
1558,3128046.81,786417.433,835.787,CONT
1559,3128047.784,786418.224,836.053,CONT
1560,3128047.207,786419.042,835.832,CONT
1561,3128048.13,786419.612,835.802,CONT
1562,3128050.114,786418.102,835.846,CONT
1563,3128050.523,786418.795,835.835,CONT
1564,3128051.408,786419.465,835.71,CONT
1565,3128047.966,786415.574,836.397,CONT
1566,3128048.572,786415.715,836.142,CONT
1567,3128049.074,786416.063,836.456,CONT
1568,3128049.332,786415.532,835.848,CONT
1569,3128052.255,786415.983,836.027,CONT
1570,3128052.469,786415.975,835.968,CONT
1571,3128052.745,786416.029,835.909,CONT
1572,3128052.961,786416.297,835.974,CONT
1573,3128053.242,786416.505,835.918,CONT
1574,3128053.353,786416.775,835.914,CONT
1575,3128053.417,786416.876,835.899,CONT
1576,3128053.462,786417.121,835.859,CONT
1577,3128051.608,786405.382,835.327,CONT
1578,3128057.472,786401.92,836.445,CONT
1579,3128042.716,786391.108,839.076,CONT
1580,3128042.71,786399.07,837.561,CONT
1581,3128030.52,786410.848,838.658,BC
1582,3128029.312,786413.704,838.658,BC
1583,3128023.833,786408.088,838.867,BC
1584,3128022.212,786411.574,838.863,BC
1585,3128018.864,786416.748,838.728,BC
1586,3128029.746,786426.69,838.053,TAIL
1587,3128025.983,786421.071,838.435,TAIL
1588,3128022.66,786414.227,838.61,TAIL
1589,3128032.889,786430.595,837.649,TAIL
1590,3128034.852,786434.274,837.687,TAIL
1591,3128036.562,786412.722,838.353,TAIL
1592,3128038.942,786419.787,837.734,TAIL
1593,3128040.847,786425.828,837.718,TAIL
1594,3128041.855,786428.121,837.783,TAIL
1595,3128042.718,786431.39,837.704,TAIL
1596,3128050.784,786423.699,837.679,TAIL
1597,3128049.909,786421.271,837.684,TAIL
1598,3128049.124,786419.753,837.773,TAIL
1599,3128048.34,786418.531,837.74,TAIL
1600,3128046.929,786415.102,838.082,TAIL
1601,3128106.808,786420.901,833.362,TAIL
1602,3128107.545,786417.48,832.671,TAIL
1603,3128108.266,786413.54,831.582,TAIL
1604,3128108.251,786411.488,832.315,TAIL
1605,3128108.127,786409.492,832.604,TAIL
1606,3128108.253,786408.303,832.683,TAIL
1607,3128120.871,786422.852,832.477,TAIL
1608,3128122.283,786416.665,831.668,TAIL
1609,3128121.581,786408.929,832.505,TAIL
1610,3128121.4,786410.736,831.543,TAIL
1611,3128121.189,786411,830.729,TAIL
1612,3128121.182,786411.425,830.88,TAIL
1613,3128133.143,786424.628,831.422,TAIL
1614,3128134.347,786420.627,830.634,TAIL
1615,3128135.037,786417.803,830.225,TAIL
1616,3128135.713,786410.389,831.49,TAIL
1617,3128135.498,786410.757,830.884,TAIL
1618,3128134.716,786412.924,830.586,TAIL
1619,3128152.104,786426.755,830.26,TAIL
1620,3128152.267,786425.66,829.387,TAIL
1621,3128156.069,786412.545,830.299,TAIL
1622,3128155.641,786413.544,829.597,TAIL
1623,3128154.618,786417.098,829.504,TAIL
1624,3128153.018,786421.665,828.814,TAIL
1625,3128168.703,786428.91,829,TAIL
1626,3128168.611,786427.601,828.607,TAIL
1627,3128171.078,786416.049,829.218,TAIL
1628,3128170.134,786420.429,828.638,TAIL
1629,3128169.356,786422.924,828.332,TAIL
1630,3128168.907,786424.293,828.05,TAIL
1631,3128183.73,786430.81,827.896,TAIL
1632,3128184.503,786427.668,827.367,TAIL
1633,3128185.433,786422.445,827.686,TAIL
1634,3128185.944,786418.925,828.065,TAIL
