7000,,,,CP7
7001,3127673.646,786061.220,863.947,CP6
7003,3127749.886,786131.812,880.213,DA
7004,3127752.408,786128.612,880.143,DA
7005,3127748.688,786133.087,881.000,DA
7006,3127755.308,786125.356,879.950,DA
7007,3127756.306,786124.822,881.535,DA
7008,3127758.866,786122.180,882.135,DA
7009,3127757.984,786130.808,880.644,DUS5
7010,3127756.643,786132.213,880.299,DUS5
7011,3127759.214,786129.155,880.305,DUS5
7012,3127754.161,786134.057,880.622,DUS5
7013,3127752.939,786135.297,881.037,DUS5
7014,3127759.741,786128.009,881.667,DUS5
7015,3127761.989,786124.546,883.200,DUS5
7016,3127764.530,786122.341,883.343,DUS5
7017,3127768.010,786129.844,884.136,DUS10
7018,3127770.578,786127.113,884.249,DUS10
7019,3127762.725,786133.993,880.903,DUS10
7020,3127760.300,786135.790,881.217,DUS10
7021,3127764.559,786132.748,881.829,DUS10
7022,3127764.191,786132.946,881.031,DUS10
7023,3127757.364,786138.332,880.515,DUS10
7024,3127756.151,786138.159,881.107,DUS10
7025,3127754.596,786139.459,882.321,DUS10
7026,3127754.225,786139.779,883.402,DUS10
7027,3127761.909,786143.296,882.221,DUS15
7028,3127763.714,786141.987,882.040,DUS15
7029,3127759.505,786144.356,881.602,DUS15
7030,3127758.709,786144.562,882.816,DUS15
7031,3127764.627,786141.517,882.264,DUS15
7032,3127757.609,786145.273,884.287,DUS15
7033,3127766.122,786139.584,881.790,DUS15
7034,3127767.446,786138.081,881.881,DUS15
7035,3127768.251,786137.144,881.613,DUS15
7036,3127768.681,786136.606,882.322,DUS15
7037,3127769.465,786135.918,883.449,DUS15
7038,3127773.868,786131.097,884.707,DUS15
7039,3127751.540,786121.833,878.087,DLS5
7040,3127749.893,786123.878,878.000,DLS5
7041,3127749.100,786125.505,876.370,DLS5
7042,3127747.907,786127.101,877.063,DLS5
7043,3127746.650,786129.326,878.259,DLS5
7044,3127746.104,786130.272,879.513,DLS5
7045,3127743.773,786132.276,879.885,DLS5
7046,3127751.494,786119.696,879.887,DLS5
7047,3127752.962,786117.068,879.570,DLS5
7048,3127737.902,786129.047,877.268,DLS5
7049,3127739.354,786126.697,877.265,DLS5
7050,3127740.673,786124.781,877.230,DLS5
7051,3127741.496,786123.666,875.926,DLS5
7052,3127742.200,786121.799,875.397,DLS5
7053,3127743.905,786119.334,877.116,DLS5
7054,3127744.256,786118.363,876.988,DLS5
7055,3127745.345,786116.559,877.954,DLS5
7056,3127746.300,786115.556,878.405,DLS5
7057,3127748.352,786114.053,878.280,DLS5
7058,3127726.472,786129.151,874.667,DLS15
7059,3127724.419,786130.709,875.376,DLS15
7060,3127728.029,786126.542,874.851,DLS15
7061,3127729.639,786123.361,874.176,DLS15
7062,3127731.394,786121.046,874.363,DLS15
7063,3127734.377,786118.027,874.942,DLS15
7064,3127736.392,786116.149,874.584,DLS15
7065,3127738.317,786114.518,875.367,DLS15
7066,3127738.985,786113.260,876.775,DLS15
7067,3127740.065,786111.850,877.531,DLS15
7068,3127741.072,786110.235,877.621,DLS15
7069,3127745.746,786120.213,877.722,DLS15
7070,3127747.791,786122.505,877.956,DLS15
7071,3127739.367,786122.015,875.697,DLS15
7072,3127737.077,786121.514,875.197,DLS15
7073,3127723.266,786119.381,873.765,DS10
7074,3127720.496,786121.318,873.215,DS10
7075,3127719.181,786122.665,873.611,DS10
7076,3127724.062,786116.690,873.006,DS10
7077,3127727.364,786113.113,873.506,DS10
7078,3127730.226,786111.313,873.440,DS10
7079,3127730.770,786108.297,874.470,DS10
7080,3127732.562,786106.561,875.895,DS10
7081,3127716.704,786108.924,869.997,DS20
7082,3127721.214,786105.048,871.914,DS20
7083,3127721.862,786103.596,871.733,DS20
7084,3127714.184,786111.849,871.419,DS20
7085,3127715.564,786110.534,870.362,DS20
7086,3127706.003,786103.951,869.296,DS30
7087,3127706.789,786102.634,868.703,DS30
7088,3127709.109,786100.225,868.838,DS30
7089,3127710.276,786099.007,869.243,DS30
7090,3127713.751,786095.122,870.297,DS30
7091,3127715.970,786094.309,871.150,DS30
7092,3127701.599,786093.957,867.625,DS40
7093,3127700.399,786094.692,868.740,DS40
7094,3127702.596,786093.511,867.123,DS40
7095,3127704.246,786092.362,867.257,DS40
7096,3127709.020,786090.471,868.539,DS40
7097,3127713.141,786088.159,871.087,DS40
7098,3127708.527,786077.839,868.454,DS50
7099,3127694.057,786087.010,866.544,DS50
7100,3127698.326,786084.229,866.665,DS50
7101,3127705.567,786079.630,867.827,DS50
7102,3127765.760,786150.901,882.917,DS50
7103,3127767.160,786150.195,883.059,US10
7104,3127767.934,786149.343,883.101,US10
7105,3127768.177,786148.623,884.442,US10
7106,3127763.934,786150.625,883.233,US10
7107,3127769.859,786148.376,885.155,US10
7108,3127762.077,786152.713,885.059,US10
7109,3127769.797,786159.467,884.353,US20
7110,3127770.706,786159.116,884.210,US20
7111,3127773.642,786159.010,885.749,US20
7112,3127766.810,786161.108,885.701,US20
7113,3127778.075,786154.728,888.124,US20
7114,3127766.512,786162.448,886.253,US20
7115,3127774.923,786170.569,886.678,US30
7116,3127776.977,786169.569,886.425,US30
7117,3127777.957,786168.280,886.274,US30
7118,3127772.425,786171.361,885.829,US30
7119,3127782.097,786166.790,889.366,US30
7120,3127786.431,786183.608,889.555,US40
7121,3127785.224,786184.981,889.647,US40
7122,3127782.815,786187.604,890.483,US40
7123,3127787.325,786182.678,890.035,US40
7124,3127789.341,786179.566,891.673,US40
7125,3127794.950,786200.852,893.137,US50
7126,3127793.010,786201.001,893.282,US50
7127,3127801.790,786196.914,895.840,US50
7128,3127801.650,786211.815,895.529,US60
7129,3127800.108,786213.312,895.500,US60
7130,3127803.926,786210.423,895.969,US60
7131,3127807.827,786206.190,897.790,US60
7132,3127805.601,786223.721,898.581,US70
7133,3127806.176,786222.028,898.383,US70
7134,3127807.582,786221.465,898.205,US70
7135,3127809.851,786220.721,897.692,US70
6001,,,,CP6
7002,3127673.609,786061.192,864.203,CP5
7136,3127696.656,786075.890,864.834,DS60
7137,3127692.023,786079.365,865.274,DS60
7138,3127690.335,786081.716,865.650,DS60
7139,3127699.354,786075.013,865.088,DS60
7140,3127701.644,786074.100,865.073,DS60
7141,3127703.674,786072.067,865.920,DS60
7142,3127704.925,786070.203,866.557,DS60
7143,3127690.637,786066.466,862.958,DS70
7144,3127684.799,786069.632,863.888,DS70
7145,3127682.457,786071.434,864.175,DS70
7146,3127694.320,786065.345,863.099,DS70
7147,3127698.576,786063.925,863.362,DS70
7148,3127700.530,786063.680,865.361,DS70
7149,3127702.873,786062.454,865.544,DS70
7150,3127687.132,786060.843,862.756,DS80
7151,3127689.331,786061.340,862.600,DS80
7152,3127684.791,786061.871,863.182,DS80
7153,3127691.182,786059.794,862.753,DS80
7154,3127694.482,786057.456,862.926,DS80
7155,3127696.166,786055.062,863.263,DS80
7156,3127679.273,786064.535,863.996,DS80
7157,3127685.532,786050.886,860.225,DS90
7158,3127687.237,786049.394,860.693,DS90
7159,3127690.238,786048.078,861.286,DS90
7160,3127684.427,786052.750,860.616,DS90
7161,3127693.816,786047.210,862.052,DS90
7162,3127680.538,786048.928,859.828,DS100
7163,3127678.932,786050.327,859.641,DS100
7164,3127681.852,786047.424,860.225,DS100
7165,3127678.170,786052.102,859.740,DS100
7166,3127684.570,786045.920,860.532,DS100
7167,3127686.307,786044.149,859.904,DS100
7168,3127713.416,786048.690,864.542,CA
7169,3127716.636,786052.811,865.311,CA
7170,3127719.931,786054.811,866.047,CA
7171,3127729.740,786056.578,867.759,CA
7172,3127741.150,786059.853,868.900,CA
7173,3127746.228,786060.023,869.218,CA
7174,3127752.867,786061.036,870.258,CA
7175,3127757.605,786061.739,870.700,CA
7176,3127768.360,786063.547,871.926,CA
7177,3127775.920,786064.784,872.215,CA
7178,3127716.555,786052.894,865.314,CS0
7179,3127715.114,786054.233,865.199,CS0
7180,3127714.135,786055.047,865.223,CS0
7181,3127718.240,786051.452,865.483,CS0
7182,3127712.903,786055.888,865.318,CS0
7183,3127719.363,786051.312,865.567,CS0
7184,3127711.925,786057.273,865.405,CS0
7185,3127709.071,786061.605,865.361,CS0
7186,3127724.555,786049.016,866.081,CS0
7187,3127707.573,786063.190,865.752,CS0
7188,3127726.131,786046.082,866.318,CS0
7189,3127727.936,786053.872,867.542,CS10
7190,3127729.041,786052.363,867.438,CS10
7191,3127729.715,786051.046,867.062,CS10
7192,3127731.310,786048.175,867.024,CS10
7193,3127731.800,786046.092,866.715,CS10
7194,3127727.084,786059.017,867.324,CS10
7195,3127726.988,786061.346,867.561,CS10
7196,3127727.419,786063.637,868.699,CS10
7197,3127728.031,786065.682,868.685,CS10
7198,3127738.881,786060.719,868.742,CS20
7199,3127738.340,786063.276,869.121,CS20
7200,3127738.447,786065.706,869.940,CS20
7201,3127735.384,786069.894,870.259,CS20
7202,3127739.324,786055.776,868.427,CS20
7203,3127739.617,786053.258,867.901,CS20
7204,3127740.521,786050.196,867.271,CS20
7205,3127740.141,786048.390,867.062,CS20
7206,3127746.840,786057.801,869.090,CS30
7207,3127746.006,786061.708,869.356,CS30
7208,3127747.378,786056.277,868.997,CS30
7209,3127745.430,786063.871,869.458,CS30
7210,3127745.531,786066.270,869.915,CS30
7211,3127748.100,786054.602,868.942,CS30
7212,3127748.410,786053.172,868.742,CS30
7213,3127742.504,786070.765,871.321,CS30
7214,3127762.652,786123.790,883.578,INTAKE
7215,3127763.256,786125.976,883.588,INTAKE
7216,3127752.621,786110.359,877.831,INTAKE
7217,3127761.057,786125.123,882.912,INTAKE
7218,3127753.986,786112.985,878.287,INTAKE
7219,3127763.203,786121.172,883.100,INTAKE
7220,3127755.505,786114.273,878.596,INTAKE
7221,3127759.651,786120.566,882.215,INTAKE
7222,3127759.258,786113.484,878.852,INTAKE
7223,3127759.709,786118.575,882.210,INTAKE
7224,3127760.610,786114.685,879.164,INTAKE
7225,3127763.684,786121.045,883.035,INTAKE
7226,3127761.866,786109.894,879.165,INTAKE
7227,3127765.366,786120.756,883.071,INTAKE
7228,3127765.714,786111.703,879.817,INTAKE
7229,3127765.471,786122.449,883.428,INTAKE
7230,3127765.677,786114.043,879.901,INTAKE
7231,3127768.033,786122.377,883.783,INTAKE
7232,3127767.791,786115.288,880.326,INTAKE
7233,3127767.993,786122.373,883.763,INTAKE
7234,3127768.001,786110.922,880.227,INTAKE
7235,3127760.218,786122.203,882.532,INTAKE
7236,3127770.576,786111.322,880.666,INTAKE
7237,3127757.658,786122.895,882.040,INTAKE
7238,3127773.142,786112.220,880.994,INTAKE
7239,3127756.248,786117.483,880.913,INTAKE
7240,3127773.802,786114.077,881.110,INTAKE
7241,3127755.486,786119.589,881.105,INTAKE
7242,3127772.666,786116.047,881.143,INTAKE
7243,3127754.051,786120.515,880.774,INTAKE
7244,3127770.998,786116.611,880.951,INTAKE
7245,3127751.179,786118.373,879.681,INTAKE
7246,3127767.449,786108.317,880.210,INTAKE
7247,3127765.296,786106.733,879.445,INTAKE
7248,3127751.927,786115.818,879.347,INTAKE
7249,3127762.744,786106.116,879.316,INTAKE
7250,3127748.491,786117.751,879.134,INTAKE
7251,3127772.590,786110.343,880.775,INTAKE
7252,3127750.844,786114.377,878.567,INTAKE
7253,3127772.889,786114.124,880.945,INTAKE
7254,3127750.433,786112.021,878.095,INTAKE
7255,3127772.503,786116.237,881.043,INTAKE
7256,3127748.318,786113.909,878.355,INTAKE
7257,3127772.057,786117.093,881.033,INTAKE
7258,3127746.189,786115.978,878.510,INTAKE
7259,3127754.856,786114.815,878.808,INTAKE
7260,3127755.620,786106.065,877.558,CA
7261,3127755.463,786100.846,876.598,CA
7262,3127757.220,786096.953,875.991,CA
7263,3127760.547,786093.514,875.588,CA
7264,3127764.020,786090.052,875.264,CA
7265,3127767.755,786086.970,874.954,CA
7266,3127772.567,786083.566,874.390,CA
7267,3127776.343,786080.406,873.994,CA
7268,3127779.405,786077.719,873.569,CA
7269,3127781.881,786073.770,873.040,CA
7270,3127780.970,786070.194,872.714,CA
7271,3127778.523,786066.798,872.532,CA
7272,3127754.160,786107.154,877.616,CS80
7273,3127759.146,786105.820,878.479,CS80
7274,3127750.711,786108.969,877.643,CS80
7275,3127761.218,786103.512,878.672,CS80
7276,3127746.910,786110.823,877.971,CS80
7277,3127762.843,786103.118,878.713,CS80
7278,3127745.936,786111.456,878.210,CS80
7279,3127765.624,786103.190,878.979,CS80
7280,3127756.232,786096.694,876.127,CS70
7281,3127754.259,786095.970,876.168,CS70
7282,3127752.085,786094.648,876.201,CS70
7283,3127750.057,786093.331,876.075,CS70
7284,3127766.873,786104.417,879.166,CS70
7285,3127764.370,786102.593,878.933,CS70
7286,3127762.054,786100.620,878.317,CS70
7287,3127760.353,786098.950,877.943,CS70
7288,3127765.859,786085.752,874.976,CS60
7289,3127764.735,786084.436,874.985,CS60
7290,3127763.574,786083.029,875.010,CS60
7291,3127762.528,786081.622,874.976,CS60
7292,3127761.816,786080.513,875.020,CS60
7293,3127772.478,786096.459,877.498,CS60
7294,3127770.103,786094.448,877.472,CS60
7295,3127768.191,786091.991,877.250,CS60
7296,3127767.343,786090.518,876.312,CS60
001,,,,M1
002,3127742.669,786114.202,878.074,CP7
7297,3127774.431,786079.157,874.025,CS60
7298,3127773.421,786077.386,874.016,CS60
7299,3127772.370,786075.988,873.834,CS60
7300,3127771.591,786074.719,873.915,CS60
7301,3127776.526,786082.532,874.438,CS60
7302,3127776.796,786083.144,875.510,CS60
7303,3127781.364,786065.368,872.625,CS40
7304,3127777.478,786068.324,872.459,CS40
7305,3127775.815,786071.039,872.618,CS40
7306,3127779.927,786066.384,872.481,CS40
7307,3127773.828,786073.265,873.556,CS40
7308,3127770.295,786061.619,872.015,CS35
7309,3127769.323,786064.709,872.090,CS35
7310,3127769.008,786066.923,872.123,CS35
7311,3127768.386,786068.921,872.173,CS35
7312,3127767.852,786070.948,872.143,CS35
7313,3127766.553,786074.511,873.626,CS35
7314,3127733.962,786056.967,868.441,CS35
101,,,,M2
102,3127782.204,786073.224,872.980,M1
7315,3127730.021,786053.565,868.042,FB
7316,3127711.797,786032.401,862.476,FB
7317,3127711.900,786036.361,862.916,FB
7318,3127731.592,786052.456,867.773,FB
7319,3127712.434,786040.174,863.612,FB
7320,3127733.964,786048.022,867.487,FB
7321,3127714.810,786037.485,863.696,FB
7322,3127736.093,786049.179,867.326,FB
7323,3127715.322,786039.754,863.764,FB
7324,3127737.101,786052.079,867.897,FB
7325,3127717.283,786040.001,863.776,FB
7326,3127740.601,786049.013,867.202,FB
7327,3127715.616,786043.741,864.174,FB
7328,3127738.573,786046.810,866.629,FB
7329,3127711.479,786048.197,864.347,FB
7330,3127740.146,786043.222,866.192,FB
7331,3127709.034,786044.546,863.951,FB
7332,3127717.444,786038.390,863.755,FB
7333,3127744.700,786044.245,866.559,FB
7334,3127708.667,786038.809,863.051,FB
7335,3127718.809,786038.756,863.746,FB
7336,3127746.634,786051.408,868.269,FB
7337,3127708.541,786034.718,862.508,FB
7338,3127719.096,786036.525,863.688,FB
7339,3127747.867,786056.100,869.104,FB
7340,3127710.526,786031.680,862.257,FB
7341,3127720.807,786036.706,863.604,FB
7342,3127712.545,786031.589,862.563,FB
7343,3127722.124,786034.030,863.743,FB
7344,3127748.585,786049.269,867.903,FB
7345,3127714.446,786030.579,862.497,FB
7346,3127722.217,786030.526,863.737,FB
7347,3127718.713,786028.467,863.519,FB
7348,3127750.987,786046.901,867.747,FB
7349,3127749.946,786045.132,867.311,FB
7350,3127720.704,786027.930,864.244,FB
7351,3127726.130,786023.659,864.136,FB
7352,3127745.269,786039.480,865.813,FB
7353,3127727.777,786024.389,863.712,FB
7354,3127724.454,786036.513,863.697,FB
7355,3127741.697,786038.099,865.476,FB
7356,3127728.804,786028.028,863.717,FB
7357,3127734.654,786038.576,864.613,FB
7358,3127730.152,786042.042,865.531,FB
7359,3127727.963,786043.113,865.932,FB
7360,3127725.811,786045.223,866.134,FB
7361,3127723.667,786046.931,865.740,FB
7362,3127721.640,786048.399,865.879,FB
7363,3127720.936,786051.120,865.847,FB
7364,3127723.610,786051.312,866.597,FB
7365,3127726.073,786052.678,867.197,FB
7366,3127728.164,786054.327,867.621,FB
7367,3127730.435,786050.814,867.092,FB
7368,3127728.545,786048.700,866.584,FB
4001,,,,CP4
4002,3127672.934,785994.429,854.250,CP5
7369,3127705.135,786031.894,862.117,FB
7370,3127706.535,786034.060,862.361,FB
7371,3127706.265,786029.140,862.130,FB
7372,3127704.088,786034.775,862.149,FB
7373,3127709.864,786030.521,861.951,FB
7374,3127701.848,786035.916,862.138,FB
7375,3127712.654,786030.209,862.215,FB
7376,3127701.675,786039.084,862.554,FB
7377,3127714.516,786029.736,862.388,FB
7378,3127702.946,786041.348,863.067,FB
7379,3127717.536,786027.992,862.858,FB
7380,3127717.580,786028.009,862.855,FB
7381,3127704.946,786043.925,863.873,FB
7382,3127718.870,786026.745,863.115,FB
7383,3127701.757,786044.366,862.918,FB
7384,3127720.774,786026.726,864.050,FB
7385,3127698.973,786042.686,862.478,FB
7386,3127723.192,786025.447,864.145,FB
7387,3127726.049,786024.658,863.876,FB
7388,3127726.570,786022.614,864.006,FB
7389,3127729.392,786022.736,863.781,FB
7390,3127732.378,786020.533,864.092,FB
7391,3127714.222,786031.475,862.442,PA1
7392,3127711.419,786030.883,862.095,PCS1
7393,3127709.592,786030.068,862.018,PCS1
7394,3127707.701,786029.007,862.064,PCS1
7395,3127706.162,786028.106,862.040,PCS1
7396,3127705.120,786026.829,861.850,PCS1
7397,3127718.912,786031.659,863.428,PCS1
7398,3127720.522,786031.962,863.690,PCS1
7399,3127717.859,786030.902,863.728,PCS1
7400,3127714.645,786020.185,860.934,CA2
7401,3127717.309,786021.368,860.731,PCS2
7402,3127713.029,786017.810,860.854,PCS2
7403,3127718.760,786022.349,860.778,PCS2
7404,3127711.885,786016.396,860.497,PCS2
7405,3127719.871,786023.161,861.229,PCS2
7406,3127710.193,786015.311,860.397,PCS2
7407,3127720.845,786024.237,862.509,PCS2
7408,3127721.803,786025.056,863.540,PCS2
7409,3127714.698,786010.384,859.210,PA3
7410,3127712.187,786008.835,859.343,PCS3
7411,3127719.644,786011.072,859.446,PCS3
7412,3127722.096,786011.869,859.140,PCS3
7413,3127724.102,786012.759,858.867,PCS3
7414,3127726.203,786013.322,858.868,PCS3
7415,3127728.893,786013.787,859.129,PCS3
7416,3127731.150,786014.074,859.306,PCS3
7417,3127733.692,786014.567,859.769,PCS3
7418,3127710.193,786007.149,859.803,PCS3
7419,3127713.929,786001.102,857.103,PA4
7420,3127710.487,786001.411,857.258,PCS4
7421,3127707.841,786000.450,857.229,PCS4
7422,3127704.269,785999.320,856.424,PCS4
7423,3127700.162,785997.527,856.353,PCS4
7424,3127696.409,785996.088,856.464,PCS4
7425,3127692.094,785994.655,856.432,PCS4
7426,3127718.584,786002.132,856.692,PCS4
7427,3127720.598,786002.305,857.044,PCS4
7428,3127722.947,786002.473,856.927,PCS4
7429,3127725.589,786002.763,856.997,PCS4
7430,3127727.746,786002.573,857.305,PCS4
7431,3127729.307,786002.662,857.814,PCS4
7432,3127729.730,786002.553,859.199,PCS4
7433,3127713.819,785992.434,854.707,PA5
7434,3127708.884,785991.559,855.598,PCS5
7435,3127704.165,785991.449,855.541,PCS5
7436,3127700.664,785990.020,855.331,PCS5
7437,3127698.243,785988.729,855.251,PCS5
7438,3127718.093,785994.113,855.395,PCS5
7439,3127720.405,785993.526,855.213,PCS5
7440,3127722.267,785992.882,855.301,PCS5
7441,3127723.825,785992.544,855.621,PCS5
7442,3127725.201,785992.110,855.760,PCS5
7443,3127727.939,785991.466,856.705,PCS5
7444,3127713.338,785977.580,853.353,PA6
7445,3127710.080,785977.394,852.955,PCS6
7446,3127708.571,785977.798,852.693,PCS6
7447,3127716.150,785977.111,853.288,PCS6
7448,3127705.594,785978.029,851.768,PCS6
7449,3127720.150,785975.600,853.377,PCS6
7450,3127702.280,785976.659,851.655,PCS6
7451,3127725.340,785973.145,854.309,PCS6
7452,3127726.598,785973.086,854.807,PCS6
7453,3127714.780,785964.865,851.545,PA7
7454,3127712.911,785965.002,851.604,PCS7
7455,3127716.337,785965.521,851.896,PCS7
7456,3127710.633,785964.556,850.909,PCS7
7457,3127718.479,785965.462,851.896,PCS7
7458,3127707.758,785964.623,850.551,PCS7
7459,3127722.948,785964.957,852.068,PCS7
7460,3127704.797,785963.651,850.040,PCS7
7461,3127701.007,785963.189,849.183,PCS7
7462,3127728.372,785964.180,852.578,PCS7
7463,3127698.377,785962.282,849.184,PCS7
7464,3127715.420,785959.210,850.931,PA8
7465,3127712.601,785958.924,850.938,PCS8
7466,3127709.844,785958.622,850.521,PCS8
7467,3127707.143,785958.976,849.687,PCS8
7468,3127716.898,785958.921,851.000,PCS8
7469,3127703.707,785957.759,849.106,PCS8
7470,3127700.834,785957.325,848.476,PCS8
7471,3127724.508,785958.148,852.185,PCS8
7472,3127727.783,785958.837,852.177,PCS8
7473,3127717.670,785946.796,849.185,PA9
7474,3127716.661,785946.892,849.258,PCS9
7475,3127713.011,785947.433,849.247,PCS9
7476,3127706.151,785947.842,848.371,PCS9
7477,3127701.991,785948.402,847.625,PCS9
7478,3127709.326,785947.278,848.991,PCS9
7479,3127699.152,785948.310,847.308,PCS9
7480,3127719.562,785948.608,849.488,PCS9
7481,3127696.280,785948.411,847.215,PCS9
7482,3127722.433,785948.731,849.912,PCS9
7483,3127723.365,785948.617,850.449,PCS9
7484,3127719.564,785930.737,847.842,PA10
7485,3127716.569,785929.720,847.737,PCS10
7486,3127722.125,785931.808,847.788,PCS10
7487,3127712.864,785928.487,846.640,PCS10
7488,3127724.053,785932.382,847.964,PCS10
7489,3127710.261,785927.143,846.943,PCS10
7490,3127725.681,785932.063,848.379,PCS10
7491,3127709.141,785925.458,846.629,PCS10
7492,3127723.018,785916.598,846.119,PA11
7493,3127720.517,785916.379,845.958,PCS11
7494,3127719.144,785915.644,845.537,PCS11
7495,3127725.953,785917.671,845.981,PCS11
7496,3127716.464,785915.022,845.473,PCS11
7497,3127727.703,785918.037,845.978,PCS11
7498,3127713.806,785914.499,845.418,PCS11
7499,3127711.956,785914.507,844.767,PCS11
7500,3127706.288,785914.218,844.106,PCS11
7501,3127728.888,785917.855,845.652,PCS11
7502,3127730.218,785918.253,845.412,PCS11
7503,3127732.801,785917.737,845.300,PCS11
7504,3127738.511,785918.224,845.551,PCS11
7505,3127742.027,785918.455,845.548,PCS11
7506,3127724.064,785905.128,845.103,PA12
7507,3127713.635,785865.469,844.906,PH
7508,3127705.884,785862.336,844.543,PH
7509,3127703.694,785876.519,844.217,PH
7510,3127698.434,785862.602,844.164,PH
7511,3127700.050,785873.561,843.892,PH
7512,3127693.235,785864.878,843.793,PH
7513,3127695.230,785871.532,843.205,PH
7514,3127691.539,785869.396,843.417,PH
7515,3127696.176,785877.053,843.706,PH
7516,3127698.205,785881.277,842.446,PH
7517,3127699.246,785883.436,843.175,PH
7518,3127718.301,785890.822,844.137,PH
7519,3127706.504,785897.969,843.403,PH
7520,3127703.938,785898.489,842.781,PH
7521,3127708.448,785884.212,844.029,PH
7522,3127707.623,785890.841,843.975,PH
7523,3127700.357,785890.035,843.406,PH
7524,3127699.907,785893.066,843.054,PH
7525,3127702.620,785895.182,842.928,PH
7526,3127706.517,785889.156,843.508,PH
7527,3127707.594,785890.772,844.003,PH
7528,3127711.859,785895.369,843.659,PH
7529,3127721.901,785890.762,844.925,PH
7530,3127717.254,785891.870,843.778,PH
7531,3127725.070,785890.223,844.858,PH
7532,3127713.976,785891.991,843.683,PH
7533,3127727.478,785891.124,844.851,PH
7534,3127709.600,785891.069,843.611,PH
7535,3127707.690,785891.115,843.949,PH
7536,3127704.980,785891.193,842.939,PH
7537,3127727.523,785886.038,845.312,PH
7538,3127701.727,785892.512,842.932,PH
7539,3127722.759,785886.554,844.708,PH
7540,3127699.110,785892.620,843.104,PH
7541,3127727.949,785881.912,844.720,PH
7542,3127733.956,785882.426,845.105,PH
7543,3127735.853,785887.226,845.013,PH
7544,3127681.826,785894.504,842.598,PH
7545,3127693.657,785925.812,845.776,PH
7546,3127737.415,785891.466,844.828,PH
7547,3127679.860,785895.403,842.656,PH
7548,3127736.606,785894.206,844.782,PH
7549,3127676.892,785877.955,841.975,PH
7550,3127695.465,785929.411,845.566,PH
7551,3127741.075,785886.054,845.647,PH
7552,3127691.392,785914.306,843.973,PH
7553,3127687.887,785916.347,843.606,PH
7554,3127726.895,785879.590,844.820,PH
7555,3127692.402,785924.406,844.612,PH
7556,3127698.451,785923.862,845.534,PH
7557,3127734.608,785880.735,845.336,PH
7558,3127737.007,785878.829,845.340,PH
7559,3127739.571,785878.943,846.054,PH
7560,3127718.352,785911.367,845.328,PH
7561,3127722.346,785877.487,844.978,PH
7562,3127719.011,785908.162,844.269,PH
7563,3127716.694,785876.540,844.527,PH
7564,3127719.460,785901.168,844.499,PH
7565,3127712.555,785881.955,844.423,PH
7566,3127715.614,785901.467,844.292,PH
7567,3127709.771,785903.658,843.728,PH
7568,3127705.697,785875.916,844.409,PH
7569,3127708.357,785898.475,843.823,PH
7570,3127699.188,785877.763,843.791,PH
7571,3127708.514,785885.019,843.767,PH
7572,3127693.511,785879.699,843.287,PH
7573,3127712.266,785885.806,843.923,PH
7574,3127717.673,785890.214,843.807,PH
7575,3127705.376,785868.618,844.321,PH
7576,3127710.658,785866.861,844.894,PH
7577,3127705.770,785883.917,843.576,PH
7578,3127713.733,785864.033,844.951,PH
7579,3127700.811,785884.817,843.183,PH
7580,3127720.380,785866.603,845.488,PH
7581,3127725.216,785869.174,845.989,PH
7582,3127696.979,785886.148,843.465,PH
7583,3127729.123,785869.027,846.314,PH
7584,3127734.125,785873.438,846.182,PH
7585,3127734.771,785894.781,844.816,PH
7586,3127728.661,785895.195,844.623,PH
7587,3127733.349,785895.657,844.729,PH
7588,3127728.740,785897.140,844.689,PH
7589,3127736.390,785898.224,844.809,PH
7590,3127728.873,785899.077,844.716,PH
7591,3127736.271,785898.178,844.830,PH
7592,3127738.816,785899.847,845.181,PH
7593,3127737.059,785905.665,845.299,PH
7594,3127741.641,785907.066,845.476,PH
7595,3127722.559,785912.139,845.633,RD
7596,3127727.388,785912.623,845.577,RD
7597,3127721.970,785920.130,846.293,RD
7598,3127725.608,785920.605,846.215,RD
7599,3127720.045,785932.281,847.864,RD
7600,3127723.718,785932.639,847.959,RD
7601,3127721.625,785941.062,848.802,RD
7602,3127717.544,785941.114,848.657,RD
7603,3127716.084,785953.120,850.013,RD
7604,3127719.225,785953.497,850.234,RD
7605,3127718.352,785964.631,851.768,RD
7606,3127714.773,785964.520,851.576,RD
7607,3127714.769,785976.802,853.357,RD
7608,3127718.564,785976.218,853.211,RD
7609,3127717.226,785986.951,854.449,RD
7610,3127720.353,785986.492,854.339,RD
7611,3127720.826,785997.592,855.980,RD
7612,3127723.848,785996.363,855.937,RD
7613,3127723.277,786007.085,857.921,RD
7614,3127728.447,786005.765,857.820,RD
7615,3127730.529,786012.295,859.003,RD
7616,3127721.284,786012.211,859.357,RD
7617,3127717.295,786017.696,860.475,RD
7618,3127721.205,786020.163,860.320,RD
7619,3127711.959,786029.199,861.831,RD
7620,3127708.701,786027.648,861.902,RD
7621,3127709.943,786036.515,862.623,RD
7622,3127706.707,786036.342,862.566,RD
7623,3127730.638,786021.455,863.966,FB
7624,3127732.511,786020.790,864.035,FB
7625,3127733.673,786021.383,863.791,FB
7626,3127735.209,786019.926,864.171,FB
7627,3127737.928,786019.886,864.110,FB
7628,3127735.413,786021.689,863.774,FB
7629,3127735.173,786023.067,863.749,FB
7630,3127738.270,786023.615,863.730,FB
7631,3127734.524,786026.817,863.634,FB
7632,3127737.117,786024.677,863.662,FB
7633,3127732.776,786027.078,863.586,FB
7634,3127740.092,786024.305,863.676,FB
7635,3127730.485,786026.220,863.640,FB
7636,3127741.971,786023.255,863.708,FB
7637,3127728.019,786026.254,863.621,FB
7638,3127728.246,786027.366,863.633,FB
7639,3127726.169,786022.579,863.847,FB
7640,3127727.465,786021.559,863.537,FB
7641,3127727.153,786021.385,863.272,FB
7642,3127725.155,786022.847,863.379,FB
7643,3127722.363,786024.584,863.456,FB
7644,3127720.758,786025.805,863.427,FB
7645,3127720.477,786025.129,863.019,FB
7646,3127719.136,786026.975,863.353,FB
7647,3127719.789,786024.206,862.399,FB
7648,3127721.334,786022.716,862.213,FB
7649,3127717.444,786026.177,862.531,FB
7650,3127722.357,786022.880,862.525,FB
7651,3127724.093,786021.291,862.233,FB
7652,3127724.369,786021.796,862.614,FB
7653,3127699.645,785889.673,843.306,TC
7654,3127698.956,785886.921,843.415,TC
7655,3127695.980,785890.772,843.375,TC
7656,3127675.222,785900.401,841.321,BC
7657,3127673.736,785895.981,841.295,BC
7658,3127666.106,785903.360,841.765,BC
7659,3127650.701,785915.346,840.689,BC1
7660,3127644.318,785916.067,840.904,BC1
7661,3127649.620,785903.175,840.742,BC1
7662,3127740.219,785882.572,845.881,BC2
7663,3127761.727,785882.995,846.371,BC2
7664,3127740.335,785874.871,845.799,BC2
7665,3127730.373,785871.320,845.790,BC2
7666,3127725.596,785872.496,845.731,BC2
7667,3127721.067,785870.809,845.287,BC2
7668,3127719.776,785866.889,845.527,BC2
7669,3127715.362,785867.403,845.001,BC2
7670,3127721.920,785872.600,845.246,PH
7671,3127721.797,785874.823,845.181,PH
7672,3127723.920,785877.199,845.067,PH
7673,3127698.199,785877.824,843.726,PH
7674,3127699.838,785876.861,843.928,PH
7675,3127698.985,785873.604,843.806,PH
7676,3127696.248,785873.363,843.485,PH
7677,3127694.871,785874.444,843.421,PH
7678,3127693.976,785877.454,843.532,PH
7679,3127693.785,785880.166,843.281,PH
7680,3127702.841,785876.807,844.184,PH
7681,3127703.954,785874.428,844.353,PH
7682,3127705.549,785876.064,844.402,PH
7683,3127705.725,785878.007,844.232,PH
7684,3127713.577,785877.437,844.577,PH
7685,3127716.349,785879.608,844.645,PH
7686,3127720.288,785882.920,844.618,PH
7687,3127723.805,785887.561,844.815,PH
7688,3127727.115,785892.038,844.816,PH
300,,,,M3
301,3127734.887,786002.203,860.509,CP4
7689,3127677.011,785886.080,842.058,TRA1
7690,3127678.488,785889.372,842.044,TRC1
7691,3127675.262,785882.151,841.547,TRC1
7692,3127672.121,785875.242,841.731,TRC1
7693,3127673.369,785878.919,841.382,TRC1
7694,3127680.060,785893.145,842.567,TRC1
7695,3127681.254,785895.358,842.638,TRC1
7696,3127665.375,785890.254,841.708,TRA2
7697,3127666.734,785893.062,841.619,TRC2
7698,3127664.364,785886.166,841.459,TRC2
7699,3127662.817,785881.956,841.231,TRC2
7700,3127667.437,785895.224,841.711,TRC2
7701,3127659.554,785879.217,841.449,TRC2
7702,3127655.991,785874.667,841.008,TRC2
7703,3127649.309,785895.139,840.539,TRA3
7704,3127649.979,785898.696,840.742,TRC3
7705,3127646.689,785890.886,840.258,TRC3
7706,3127645.042,785886.322,840.266,TRC3
7707,3127644.448,785882.761,840.270,TRC3
7708,3127643.057,785877.833,840.291,TRC3
7709,3127649.929,785902.345,840.738,TRC3
7710,3127634.640,785897.813,840.079,TRA4
7711,3127634.305,785901.480,840.041,TRC4
7712,3127634.217,785892.784,839.996,TRC4
7713,3127633.521,785888.873,840.005,TRC4
7714,3127634.621,785905.497,839.783,TRC4
7715,3127623.047,785902.240,839.245,TRA5
7716,3127622.704,785907.040,838.760,TRC5
7717,3127624.155,785896.887,839.445,TRC5
7718,3127624.937,785894.884,839.508,TRC5
7719,3127626.883,785881.028,839.847,TRC5
7720,3127622.691,785910.730,838.737,TRC5
7721,3127610.306,785908.002,838.770,TRA6
7722,3127611.198,785912.065,838.873,TRC6
7723,3127612.366,785901.748,838.916,TRC6
7724,3127615.493,785894.315,838.931,TRC6
7725,3127618.677,785880.848,839.308,TRC6
7726,3127610.554,785917.617,840.581,TRC6
7727,3127610.736,785913.830,839.883,TRC6
7728,3127610.316,785915.728,840.467,TRC6
7729,3127599.284,785913.557,839.457,TRA7
7730,3127596.915,785917.299,839.819,TRC7
7731,3127600.834,785908.348,839.497,TRC7
7732,3127602.966,785900.661,838.419,TRC7
7733,3127605.374,785895.951,838.434,TRC7
7734,3127588.184,785917.561,838.909,TRA8
7735,3127584.649,785923.102,839.117,TRC8
7736,3127589.673,785905.313,838.758,TRC8
7737,3127587.068,785912.700,838.864,TRC8
7738,3127578.487,785921.649,838.968,BC3
7739,3127584.919,785924.678,839.248,BC3
7740,3127583.465,785927.775,839.422,BC3
7741,3127703.297,785900.548,842.879,BC4
7742,3127705.049,785905.081,842.766,BC4
7743,3127697.526,785902.582,843.017,BC4
5000,,,,CP5
5001,3127672.914,785994.423,854.182,CP4
400,3127616.534,785938.668,843.628,M4
401,3127657.170,786001.396,852.695,TUS100
402,3127656.265,786002.985,852.202,TUS100
403,3127654.252,786005.658,852.246,TUS100
404,3127651.932,786007.617,852.780,TUS100
405,3127650.918,786008.589,852.290,TUS100
406,3127647.888,786011.145,852.931,TUS100
407,3127642.272,786014.673,852.835,TUS100
500,3127592.289,785972.334,844.758,M4
408,3127551.536,785917.297,836.705,TEP
409,3127553.526,785919.519,835.874,TEP
410,3127542.621,785919.807,835.183,TEP
411,3127542.824,785920.705,835.286,TDS10
412,3127542.709,785916.460,835.542,TDS10
413,3127542.192,785923.449,836.332,TDS10
414,3127543.104,785914.629,836.794,TDS10
415,3127541.414,785926.349,836.716,TDS10
416,3127535.715,785913.869,836.287,TDS20
417,3127537.793,785921.344,834.583,TDS20
418,3127538.064,785923.192,836.215,TDS20
419,3127535.574,785915.429,835.108,TDS20
420,3127538.043,785925.325,836.560,TDS20
421,3127529.511,785912.673,836.011,TDS30
422,3127528.387,785919.016,834.377,TDS30
423,3127529.386,785913.231,835.269,TDS30
424,3127527.703,785921.497,834.235,TDS30
425,3127529.292,785915.866,835.166,TDS30
426,3127529.270,785915.858,835.166,TDS40
427,3127518.287,785917.706,833.385,TDS40
428,3127500.680,785907.270,833.699,TDS40
429,3127517.812,785919.854,833.442,TDS40
430,3127520.293,785911.760,834.250,TDS40
431,3127517.622,785921.765,833.564,TDS40
432,3127519.699,785910.453,835.018,TDS40
433,3127507.928,785915.211,832.311,TDS50
434,3127509.038,785912.733,833.355,TDS50
435,3127509.892,785910.471,833.549,TDS50
436,3127507.214,785917.320,833.308,TDS50
437,3127509.953,785909.105,833.833,TDS50
438,3127506.932,785918.635,833.417,TDS50
439,3127506.503,785920.942,833.419,TDS50
440,3127499.480,785913.123,831.925,TDS60
441,3127499.149,785914.705,831.898,TDS60
442,3127500.327,785910.762,832.839,TDS60
443,3127498.842,785916.609,832.444,TDS60
444,3127500.789,785908.351,832.895,TDS60
445,3127501.113,785907.207,833.491,TDS60
446,3127498.609,785919.005,832.569,TDS60
447,3127498.589,785919.483,833.245,TDS60
448,3127490.677,785912.501,831.546,TDS70
449,3127490.288,785914.576,831.386,TDS70
450,3127491.288,785910.107,832.047,TDS70
451,3127490.725,785915.844,831.580,TDS70
452,3127491.478,785907.065,832.249,TDS70
453,3127490.404,785917.483,832.030,TDS70
454,3127491.895,785905.384,832.527,TDS70
455,3127490.307,785918.660,832.590,TDS70
456,3127482.165,785912.970,830.925,TDS80
457,3127482.516,785910.069,831.716,TDS80
458,3127483.184,785906.851,831.827,TDS80
459,3127481.364,785915.859,831.407,TDS80
460,3127483.571,785904.249,831.780,TDS80
461,3127481.036,785916.964,832.469,TDS80
462,3127483.888,785903.688,832.566,TDS80
463,3127472.348,785910.814,830.537,TDS90
464,3127473.913,785908.140,830.283,TDS90
465,3127472.024,785912.676,830.863,TDS90
466,3127475.263,785905.123,830.728,TDS90
467,3127471.558,785915.706,832.088,TDS90
468,3127476.411,785903.138,831.118,TDS90
469,3127476.693,785901.638,831.452,TDS90
470,3127460.785,785901.458,829.296,TDS100
471,3127461.555,785899.128,829.481,TDS100
472,3127460.038,785904.119,829.567,TDS100
473,3127461.989,785898.178,830.412,TDS100
474,3127458.926,785906.627,829.889,TDS100
475,3127458.305,785909.158,830.247,TDS100
476,3127457.997,785911.469,830.419,TDS100
6000,,,,CP6
6002,3127672.913,785994.426,854.269,CP5
601,3127673.639,786061.219,863.908,M6
477,3127630.645,785990.664,849.064,TDS90.
478,3127634.080,785986.710,849.065,TDS90.
479,3127636.315,785983.176,848.984,TDS90.
480,3127637.433,785979.305,848.046,TDS90.
481,3127628.614,785994.061,849.042,TDS90.
482,3127625.001,785999.206,848.934,TDS90.
483,3127622.536,786001.224,848.970,TDS90.
484,3127616.624,785987.640,846.830,TDS80.
485,3127614.529,785990.902,846.830,TDS80.
486,3127619.058,785983.265,847.033,TDS80.
487,3127612.377,785993.969,847.625,TDS80.
488,3127619.449,785977.177,845.636,TDS80.
489,3127610.403,785996.499,848.364,TDS80.
490,3127622.237,785973.486,846.186,TDS80.
491,3127625.913,785967.714,846.734,TDS80.
492,3127597.335,785982.327,845.532,TDS70
493,3127611.780,785965.667,844.773,TDS70
494,3127599.832,785979.679,844.912,TDS70
495,3127607.821,785969.950,844.480,TDS70
496,3127601.505,785978.131,844.512,TDS70
497,3127604.647,785973.674,844.716,TDS70
498,3127602.155,785977.193,844.430,TDS70
499,3127616.678,785960.815,845.710,TDS70
501,3127593.604,785970.458,843.082,TDS60
502,3127608.826,785955.489,844.251,TDS60
503,3127605.648,785960.030,842.627,TDS60
504,3127594.054,785968.713,841.715,TDS60
505,3127599.412,785964.645,842.136,TDS60
506,3127596.773,785967.264,841.923,TDS60
507,3127589.727,785956.215,840.722,TDS50
508,3127583.604,785960.124,842.021,TDS50
509,3127591.583,785953.326,840.193,TDS50
510,3127586.327,785958.398,840.909,TDS50
511,3127594.532,785950.417,840.630,TDS50
512,3127587.943,785956.934,840.553,TDS50
513,3127596.845,785947.453,841.383,TDS50
514,3127586.891,785940.377,840.049,TDS40
515,3127588.831,785939.150,841.261,TDS40
516,3127578.975,785948.391,839.544,TDS40
517,3127581.628,785946.764,839.014,TDS40
518,3127582.981,785945.237,838.899,TDS40
519,3127583.642,785944.196,838.945,TDS40
520,3127571.126,785942.399,839.965,TDS30
521,3127571.947,785942.105,839.133,TDS30
522,3127580.725,785935.468,839.585,TDS30
523,3127573.002,785941.655,838.483,TDS30
524,3127579.205,785938.116,838.467,TDS30
525,3127574.921,785941.133,838.461,TDS30
526,3127576.989,785939.917,838.398,TDS30
527,3127575.741,785940.799,838.211,TDS30
528,3127565.706,785936.815,839.889,TDS20
529,3127573.113,785926.390,838.815,TDS20
530,3127572.328,785927.554,838.194,TDS20
531,3127567.060,785935.114,837.216,TDS20
532,3127569.651,785931.359,838.218,TDS20
533,3127568.524,785934.200,837.370,TDS20
534,3127557.868,785932.458,839.340,TDS10
535,3127563.345,785920.799,838.318,TDS10
536,3127561.571,785924.995,837.264,TDS10
537,3127560.052,785928.224,836.926,TDS10
538,3127559.633,785929.426,836.981,TDS10
