ST7,27742.760,86111.720,878.280,M7
ST6,27673.250,86062.130,864.040,M6
1,27757.610,86123.320,881.850,CDM
2,27756.120,86125.060,881.540,CDM
3,27755.680,86125.330,880.820,CDM
4,27754.760,86126.370,880.080,CDM
5,27753.870,86127.260,880.320,CDM
6,27752.260,86129.260,880.270,CDM
7,27750.550,86130.840,880.270,CDM
8,27749.540,86132.060,880.250,CDM
9,27748.630,86133.140,881.080,CDM
10,27748.060,86133.750,880.790,CDM
11,27757.990,86122.830,882.070,CDM
12,27758.740,86121.890,882.110,CDM
13,27759.690,86120.710,882.230,CDM
14,27760.390,86119.270,882.380,CDM
15,27761.050,86118.200,882.110,CDM
16,27757.200,86141.430,882.520,UDM
17,27761.290,86142.960,882.080,UDM
18,27760.640,86141.990,881.660,UDM
19,27758.300,86142.910,882.240,UDM
20,27762.780,86142.240,882.060,UDM
21,27758.770,86142.710,881.500,UDM
22,27761.610,86140.360,881.720,UDM
23,27764.050,86141.080,882.110,UDM
24,27762.950,86137.980,881.600,UDM
25,27766.100,86139.750,881.850,UDM
26,27764.160,86137.140,881.280,UDM
27,27766.790,86138.490,881.260,UDM
28,27765.140,86136.020,881.130,UDM
29,27767.830,86135.990,882.980,UDM
30,27766.770,86134.870,882.930,UDM
31,27765.400,86134.020,882.060,UDM
32,27764.480,86134.790,880.950,UDM
33,27762.690,86134.030,880.970,UDM
34,27760.280,86135.820,881.280,UDM
35,27758.710,86136.920,880.720,UDM
36,27756.160,86138.200,881.150,UDM
37,27756.260,86138.240,881.140,UDM
38,27757.200,86134.340,880.400,UDM
39,27754.530,86139.310,882.250,UDM
40,27758.890,86133.530,881.120,UDM
41,27754.210,86136.970,881.140,UDM
42,27760.630,86132.070,880.700,UDM
43,27753.430,86137.670,882.510,UDM
44,27752.940,86135.280,881.020,UDM
45,27762.330,86130.690,881.750,UDM
46,27752.290,86135.960,881.940,UDM
47,27760.010,86128.210,881.770,UDM
48,27754.210,86132.800,880.330,UDM
49,27755.470,86130.900,880.300,UDM
50,27756.860,86129.650,880.710,UDM
51,27753.810,86130.140,880.660,UDM
52,27756.470,86127.280,880.220,UDM
53,27754.610,86129.040,880.170,UDM
54,27757.160,86126.190,880.780,UDM
55,27752.170,86132.270,880.550,UDM
56,27757.270,86125.810,881.600,UDM
57,27750.270,86134.050,881.280,UDM
58,27759.190,86124.180,882.440,UDM
59,27749.500,86135.260,881.600,UDM
60,27761.670,86125.760,883.200,UDM
61,27764.380,86127.650,883.720,UDM
62,27750.770,86136.810,882.950,UDM
63,27767.010,86130.620,884.190,UDM
64,27752.090,86137.930,883.570,UDM
65,27769.580,86133.150,885.320,UDM
66,27754.550,86140.970,883.920,UDM
67,27771.260,86134.510,885.810,UDM
68,27755.760,86143.260,884.560,UDM
69,27757.320,86145.780,884.460,UDM
70,27747.250,86132.300,880.110,LDM
71,27748.040,86131.310,879.430,LDM
72,27749.650,86129.410,879.230,LDM
73,27753.130,86126.320,878.910,LDM
74,27756.370,86122.240,881.330,LDM
75,27754.930,86123.750,880.790,LDM
76,27752.130,86121.660,878.630,LDM
77,27751.130,86123.150,878.280,LDM
78,27753.040,86120.240,880.190,LDM
79,27750.610,86124.220,877.790,LDM
80,27751.680,86119.340,879.880,LDM
81,27750.080,86121.350,878.540,LDM
82,27750.110,86119.170,879.710,LDM
83,27747.080,86122.940,877.840,LDM
84,27748.780,86117.140,879.310,LDM
85,27745.620,86119.180,877.800,LDM
86,27747.940,86116.710,878.930,LDM
87,27744.860,86121.170,877.090,LDM
88,27744.560,86115.360,878.340,LDM
89,27744.020,86117.500,877.290,LDM
90,27742.810,86119.560,876.400,LDM
91,27742.120,86114.760,877.860,LDM
92,27741.110,86116.670,876.320,LDM
93,27739.480,86119.140,875.270,LDM
94,27737.780,86121.540,875.470,LDM
95,27740.860,86120.570,875.600,LDM
96,27736.350,86124.320,875.960,LDM
97,27739.690,86122.380,875.820,LDM
98,27734.880,86126.460,876.250,LDM
99,27738.430,86124.640,875.990,LDM
100,27738.420,86124.650,876.000,LDM
101,27737.630,86126.100,876.870,LDM
102,27740.800,86125.000,877.350,LDM
103,27741.340,86123.800,876.430,LDM
104,27741.630,86122.690,876.070,LDM
105,27743.380,86123.280,876.700,LDM
106,27741.790,86127.080,877.700,LDM
107,27742.990,86125.050,876.850,LDM
108,27743.490,86129.140,879.310,LDM
109,27744.830,86127.040,877.500,LDM
110,27745.860,86125.320,877.050,LDM
111,27745.240,86130.190,879.720,LDM
112,27746.550,86129.030,878.420,LDM
113,27748.130,86126.550,877.420,LDM
114,27745.750,86131.420,879.930,LDM
115,27748.200,86129.110,878.380,LDM
116,27751.240,86127.300,877.860,LDM
117,27735.260,86108.150,876.450,LDM10
118,27733.730,86109.820,875.660,LDM10
119,27732.990,86111.010,874.160,LDM10
120,27728.670,86115.140,873.890,LDM10
121,27725.120,86120.680,873.970,LDM10
122,27721.630,86126.640,874.350,LDM10
123,27716.410,86125.890,876.210,LDM10
124,27728.050,86102.780,874.840,LDM10
125,27712.870,86115.790,875.400,LDM10
126,27726.450,86104.230,873.580,LDM10
127,27717.420,86116.050,872.860,LDM10
128,27724.560,86107.950,872.720,LDM10
129,27719.610,86113.910,872.200,LDM10
130,27722.000,86111.490,871.480,LDM10
131,27721.830,86099.530,873.810,LDM30
132,27709.340,86111.490,874.250,LDM30
133,27719.610,86099.780,872.810,LDM30
134,27711.600,86107.260,870.900,LDM30
135,27715.790,86103.030,870.380,LDM30
136,27712.810,86106.750,869.970,LDM30
137,27713.670,86104.870,869.750,LDM30
138,27715.570,86091.930,871.750,LDM40
139,27701.380,86102.320,871.920,LDM40
140,27710.930,86095.610,869.720,LDM40
141,27702.110,86101.120,869.320,LDM40
142,27709.190,86097.820,868.820,LDM40
143,27704.640,86102.210,868.870,LDM40
144,27707.190,86100.530,868.550,LDM40
145,27711.500,86085.610,870.230,LDM50
146,27698.380,86093.220,869.230,LDM50
147,27705.810,86090.350,868.130,LDM50
148,27700.270,86093.340,868.260,LDM50
149,27704.060,86091.450,867.140,LDM50
150,27701.780,86093.870,867.600,LDM50
151,27703.110,86092.690,866.870,LDM50
152,27771.990,86154.460,885.750,LDM50
153,27763.850,86157.990,885.660,LDM50
154,27770.010,86155.780,884.900,LDM50
155,27765.410,86157.960,885.030,LDM50
156,27769.550,86156.140,884.240,LDM50
157,27766.690,86157.400,884.350,LDM50
158,27768.220,86156.810,883.550,LDM50
159,27716.530,86055.210,886.000,UDM20
160,27715.060,86055.110,884.600,UDM20
161,27712.550,86055.810,884.280,UDM20
162,27710.660,86056.330,883.880,UDM20
163,27709.090,86057.320,885.790,UDM20
164,27708.450,86057.570,886.220,UDM20
165,27706.120,86059.830,888.330,UDM20
166,27697.620,86050.960,891.280,UDM30
167,27700.870,86045.730,889.240,UDM30
168,27701.840,86044.710,888.140,UDM30
169,27702.690,86043.770,887.710,UDM30
170,27704.520,86041.990,887.930,UDM30
171,27705.990,86040.420,889.280,UDM30
172,27707.190,86038.810,890.120,UDM30
173,27690.200,86039.290,893.770,UDM40
174,27699.120,86032.450,891.260,UDM40
175,27694.230,86036.070,891.520,UDM40
176,27698.640,86033.180,890.880,UDM40
177,27694.720,86035.720,890.020,UDM40
178,27697.520,86034.190,888.730,UDM40
179,27696.340,86034.680,888.230,UDM40
180,27683.880,86026.570,895.810,UDM50
181,27693.130,86021.480,892.530,UDM50
182,27692.770,86021.870,892.890,UDM50
183,27692.360,86021.900,892.780,UDM50
184,27691.470,86022.090,892.630,UDM50
185,27689.280,86023.590,892.800,UDM50
186,27685.250,86006.410,897.040,UDM60
187,27683.630,86007.750,896.260,UDM60
188,27682.460,86008.450,896.320,UDM60
189,27680.470,86009.440,896.330,UDM60
190,27679.470,86010.040,897.180,UDM60
191,27679.290,85996.370,898.300,UDM70
192,27677.590,85997.190,898.500,UDM70
193,27676.050,85998.520,898.210,UDM70
194,27674.900,85999.000,898.490,UDM70
195,27674.010,85999.970,898.350,UDM70
196,27705.680,86077.420,867.300,LDM60
197,27703.860,86079.240,866.240,LDM60
198,27701.470,86079.620,865.600,LDM60
199,27699.940,86079.680,865.060,LDM60
200,27696.590,86081.140,865.710,LDM60
201,27691.500,86083.760,866.710,LDM60
202,27689.900,86086.290,869.400,LDM60
203,27699.800,86062.290,865.270,LDM70
204,27680.140,86074.850,866.470,LDM70
205,27698.410,86061.850,862.250,LDM70
206,27684.800,86070.130,864.510,LDM70
207,27694.330,86064.120,863.310,LDM70
208,27687.440,86068.380,863.670,LDM70
209,27691.370,86065.250,862.970,LDM70
210,27679.070,86056.440,862.230,LDM80
211,27691.460,86049.790,862.470,LDM80
212,27680.480,86055.200,861.180,LDM80
213,27688.550,86051.590,861.690,LDM80
214,27684.300,86053.380,860.730,LDM80
215,27686.110,86051.240,861.130,LDM80
216,27666.980,86049.530,859.860,LDM80
217,27686.870,86039.280,860.230,LDM80
218,27668.100,86047.720,859.510,LDM80
219,27678.850,86040.420,859.570,LDM80
220,27670.270,86045.790,859.010,LDM80
221,27675.030,86042.590,858.740,LDM80
222,27672.640,86042.910,858.290,LDM80
223,27727.150,86099.930,882.210,ACL
224,27726.940,86100.870,882.210,ACL
225,27726.130,86101.520,882.210,ACL
226,27725.010,86100.370,882.680,ACL
227,27724.690,86101.810,882.530,ACL
228,27723.570,86100.460,883.350,ACL
229,27723.680,86102.480,882.650,ACL
230,27723.530,86101.330,882.960,ACL
231,27722.350,86101.680,883.160,ACL
232,27723.350,86099.550,883.450,ACL
233,27721.710,86102.640,882.920,ACL
234,27724.200,86098.680,883.060,ACL
235,27721.800,86103.970,882.590,ACL
236,27722.990,86097.700,883.350,ACL
237,27723.220,86104.420,882.390,ACL
238,27722.840,86098.940,883.410,ACL
239,27723.660,86105.630,881.520,ACL
240,27722.610,86097.110,883.470,ACL
241,27720.860,86103.450,882.650,ACL
242,27721.110,86097.690,883.790,ACL
243,27721.050,86104.900,882.210,ACL
244,27720.110,86098.800,883.680,ACL
245,27720.060,86103.790,882.260,ACL
246,27722.660,86096.820,883.360,ACL
247,27720.300,86101.930,883.190,ACL
248,27724.190,86097.150,882.840,ACL
249,27719.460,86103.140,882.570,ACL
250,27729.290,86107.180,880.240,ACL
251,27719.450,86103.130,882.570,ACL
252,27723.080,86098.290,883.300,ACL
253,27717.640,86102.340,883.010,ACL
254,27720.200,86096.860,883.870,ACL
255,27717.160,86100.250,883.750,ACL
256,27721.630,86095.920,883.490,ACL
257,27716.150,86101.470,883.400,ACL
258,27721.030,86094.830,883.350,ACL
259,27716.750,86100.040,884.010,ACL
260,27719.610,86094.130,883.990,ACL
261,27716.960,86098.360,883.910,ACL
262,27718.390,86096.380,884.040,ACL
263,27717.010,86097.110,883.970,ACL
264,27717.580,86094.690,884.090,ACL
265,27716.280,86095.130,884.160,ACL
266,27717.520,86093.520,884.270,ACL
267,27714.800,86096.140,884.340,ACL
268,27718.690,86092.930,884.100,ACL
269,27714.080,86097.560,884.120,ACL
270,27719.720,86093.500,883.730,ACL
271,27713.410,86099.580,884.220,ACL
272,27712.990,86101.360,883.670,ACL
273,27715.420,86091.890,884.500,ACL
274,27710.400,86099.680,884.340,ACL
275,27716.960,86090.710,884.360,ACL
276,27710.600,86096.760,884.490,ACL
277,27714.120,86091.500,884.670,ACL
278,27708.160,86095.930,884.710,ACL
279,27707.070,86094.800,884.990,ACL
280,27710.890,86089.070,885.000,ACL
281,27718.880,86107.700,880.130,CL
282,27719.250,86106.530,880.550,CL
283,27719.160,86104.850,881.880,CL
284,27719.820,86103.330,882.660,CL
285,27720.660,86101.710,883.230,CL
286,27721.030,86100.650,883.450,CL
287,27718.300,86109.460,880.000,CL
288,27717.700,86111.880,880.190,CL
289,27717.440,86114.860,880.320,CL
290,27716.950,86115.890,880.030,CL
291,27716.490,86117.220,879.460,CL
292,27728.480,86109.860,878.480,CL
293,27728.890,86108.090,879.120,CL
294,27729.010,86107.020,880.100,CL
295,27729.510,86105.800,880.810,CL
296,27730.130,86104.120,881.040,CL
297,27730.690,86103.180,880.650,CL
298,27728.120,86111.940,878.300,CL
299,27727.150,86115.200,878.450,CL
300,27726.740,86115.960,878.780,CL
301,27725.430,86117.840,878.580,CL
302,27723.730,86120.920,878.590,CL
303,27737.100,86119.270,877.180,CL
304,27739.270,86119.730,877.100,CL
305,27741.210,86120.150,876.670,CL
306,27742.130,86120.440,876.240,CL
307,27742.510,86120.680,876.090,CL
308,27733.710,86119.870,877.010,CL
309,27730.380,86120.180,876.990,CL
310,27728.200,86120.530,877.180,CL
311,27726.460,86120.800,878.160,CL
312,27723.710,86120.790,878.620,CL
313,27732.780,86131.400,875.930,CL
314,27734.600,86132.620,875.470,CL
315,27736.140,86133.250,875.100,CL
316,27738.820,86133.960,874.860,CL
317,27742.050,86134.760,874.520,CL
318,27729.340,86129.020,875.920,CL
319,27725.440,86126.840,876.030,CL
320,27724.590,86125.670,877.280,CL
321,27722.810,86125.010,878.140,CL
322,27721.190,86124.520,878.280,CL
323,27724.730,86138.710,875.130,CL
324,27726.400,86140.900,875.130,CL
325,27727.470,86142.370,874.600,CL
326,27731.380,86144.320,873.250,CL
327,27733.750,86144.570,872.960,CL
328,27736.030,86145.570,872.580,CL
329,27737.520,86145.570,872.980,CL
330,27721.060,86134.690,875.120,CL
331,27718.960,86133.110,875.370,CL
332,27717.500,86130.760,877.470,CL
333,27716.180,86129.920,877.180,CL
334,27714.350,86127.840,877.530,CL
335,27713.300,86145.040,874.110,CL
336,27714.430,86146.640,873.970,CL
337,27716.630,86148.270,873.240,CL
338,27720.190,86148.950,873.440,CL
339,27722.220,86150.510,873.560,CL
340,27725.380,86150.810,873.410,CL
341,27728.130,86151.030,873.110,CL
342,27710.860,86141.180,874.240,CL
343,27709.880,86140.090,874.520,CL
344,27708.820,86137.410,877.400,CL
345,27707.980,86133.440,877.110,CL
346,27708.230,86128.970,878.810,CL
ST3,27769.760,86061.590,872.010,M3
ST2,27798.300,86128.010,885.090,M2
347,27772.150,86067.860,872.220,CL
348,27770.640,86071.830,872.610,CL
349,27769.930,86073.720,873.120,CL
350,27770.480,86075.920,873.830,CL
351,27769.740,86079.210,874.290,CL
352,27774.730,86063.600,871.870,CL
353,27757.470,86065.910,870.940,CL
354,27757.310,86067.140,871.490,CL
355,27757.440,86068.370,871.020,CL
356,27757.420,86069.280,871.720,CL
357,27757.260,86070.580,872.810,CL
358,27756.470,86073.760,873.030,CL
359,27756.120,86076.080,873.530,CL
360,27755.070,86077.640,873.180,CL
361,27758.100,86063.410,870.670,CL
362,27758.390,86061.350,870.820,CL
363,27758.570,86059.400,871.110,CL
364,27759.500,86057.750,870.990,CL
365,27759.760,86056.370,870.550,CL
366,27746.850,86064.220,869.700,CL
367,27746.300,86067.190,870.200,CL
368,27745.420,86069.080,871.040,CL
369,27744.610,86071.260,871.710,CL
370,27743.370,86075.600,872.270,CL
371,27746.740,86061.050,869.470,CL
372,27747.100,86059.750,869.460,CL
373,27747.670,86057.190,869.150,CL
374,27749.030,86054.550,869.550,CL
375,27739.630,86055.570,868.370,CL
376,27737.080,86057.670,868.540,CL
377,27735.020,86061.900,868.620,CL
378,27733.870,86063.900,869.150,CL
379,27733.090,86067.600,869.740,CL
380,27739.440,86053.500,867.850,CL
381,27744.300,86052.100,868.140,CL
382,27731.080,86055.410,868.000,OFSET
OFF1,,,,O1
383,27739.140,86048.250,866.780,CL
384,27741.320,86045.940,866.590,CL
385,27743.990,86042.850,866.150,CL
386,27746.130,86040.130,865.620,CL
387,27748.110,86037.450,865.280,CL
388,27735.750,86051.760,867.770,CL
389,27733.880,86052.700,867.790,CL
390,27729.960,86053.520,867.980,CL
391,27726.500,86056.460,867.120,CL
392,27734.380,86047.990,867.330,FBAY
393,27731.330,86048.860,866.990,FBAY
394,27731.750,86045.970,866.580,FBAY
395,27728.940,86049.050,866.530,FBAY
396,27729.200,86044.760,866.080,FBAY
397,27727.200,86048.400,866.170,FBAY
398,27725.820,86044.340,865.830,FBAY
399,27725.250,86048.050,865.820,FBAY
400,27725.720,86043.150,864.820,FBAY
401,27723.550,86047.230,865.610,FBAY
402,27721.360,86046.900,865.440,FBAY
403,27729.310,86042.090,865.500,FBAY
404,27723.030,86044.790,864.460,FBAY
405,27731.110,86040.940,865.040,FBAY
406,27724.970,86043.620,864.860,FBAY
407,27735.160,86042.790,865.630,FBAY
408,27735.710,86039.060,865.190,FBAY
409,27736.820,86038.050,864.470,FBAY
410,27727.960,86035.740,863.580,FBAY
411,27740.150,86046.370,866.690,FBAY
412,27723.060,86037.420,863.660,FBAY
413,27742.250,86046.580,866.570,FBAY
414,27724.090,86040.480,863.610,FBAY
415,27743.450,86042.980,866.190,FBAY
416,27744.450,86039.730,865.730,FBAY
417,27734.210,86026.960,863.580,FBAY
418,27746.660,86041.110,865.790,FBAY
419,27748.100,86043.320,866.330,FBAY
420,27748.890,86046.780,867.560,FBAY
421,27751.640,86046.740,867.590,FBAY
422,27751.510,86045.130,866.900,FBAY
423,27754.260,86046.480,866.930,FBAY
424,27752.680,86049.370,867.990,FBAY
425,27756.430,86045.640,867.670,FBAY
426,27757.170,86043.830,867.290,FBAY
427,27757.200,86041.980,866.870,FBAY
428,27759.240,86041.110,866.190,FBAY
429,27755.820,86037.760,866.250,FBAY
430,27731.580,86035.480,863.710,FBAY
431,27739.820,86028.890,863.610,FBAY
432,27740.250,86025.600,863.640,FBAY
433,27734.780,86024.600,863.690,FBAY
434,27733.460,86020.530,864.140,FBAY
435,27741.810,86020.410,864.090,FBAY
436,27729.450,86022.050,863.990,FBAY
437,27726.610,86024.110,863.890,FBAY
438,27725.900,86023.370,864.090,FBAY
439,27721.680,86029.120,863.760,FBAYH
440,27724.880,86034.420,863.600,FBAYH
441,27729.470,86031.910,863.650,FBAYH
442,27726.360,86026.520,863.990,FBAYH
443,27719.180,86031.750,863.400,FBAY
444,27717.850,86031.140,863.660,FBAY
445,27717.340,86030.670,863.360,FBAY
446,27713.440,86034.690,862.870,FBAY
447,27714.490,86036.090,863.130,FBAY
448,27714.720,86038.650,863.540,FBAY
449,27715.120,86041.200,864.000,FBAY
450,27719.020,86036.240,863.600,FBAY
ST4,27736.250,86002.100,860.500,M4
ST5,27665.260,85983.760,853.070,M5
451,27712.790,86031.080,862.760,PSK
452,27709.550,86031.670,862.310,PSK
453,27704.800,86032.230,862.300,PSK
454,27699.630,86031.830,862.280,PSK
455,27717.160,86029.360,863.340,PSK
456,27720.920,86027.450,863.980,PSK
457,27725.700,86025.780,863.780,PSK
458,27712.510,86016.970,860.890,PSK
459,27716.540,86015.940,860.510,PSK
460,27721.020,86014.340,859.590,PSK
461,27725.850,86012.550,858.820,PSK
462,27705.090,86018.010,860.420,PSK
463,27698.120,86021.860,860.400,PSK
464,27712.530,85999.660,857.140,PSK
465,27717.830,86000.010,856.640,PSK
466,27723.070,86000.280,856.600,PSK
467,27729.630,86000.240,859.190,PSK
468,27707.890,85999.160,857.220,PSK
469,27704.510,85997.360,856.480,PSK
470,27696.710,85996.080,856.440,PSK
471,27692.670,85994.960,856.580,PSK
472,27711.680,85990.330,854.980,PSK
473,27714.360,85990.670,854.560,PSK
474,27719.420,85989.080,854.770,PSK
475,27723.170,85990.680,855.190,PSK
476,27726.820,85991.130,857.050,PSK
477,27729.040,85989.700,856.430,PSK
478,27706.930,85989.740,855.750,PSK
479,27700.320,85987.490,855.020,PSK
480,27700.320,85987.470,855.010,PSK
481,27691.900,85988.670,855.130,PSK
482,27711.480,85981.490,854.140,PSK
483,27714.450,85981.420,853.860,PSK
484,27718.640,85981.060,853.830,PSK
485,27723.680,85980.510,854.760,PSK
486,27726.970,85980.380,856.720,PSK
487,27729.960,85978.970,856.300,PSK
488,27705.440,85981.120,852.640,PSK
489,27702.810,85981.960,853.840,PSK
490,27698.750,85981.800,854.230,PSK
491,27696.520,85981.790,854.140,PSK
492,27710.910,85970.660,852.660,PSK
493,27713.760,85971.430,852.740,PSK
494,27715.460,85971.620,852.830,PSK
495,27719.630,85971.750,852.820,PSK
496,27726.840,85972.250,854.470,PSK
497,27708.460,85971.580,851.940,PSK
498,27704.640,85972.120,850.640,PSK
499,27698.440,85969.460,850.850,PSK
500,27694.680,85968.950,851.660,PSK
501,27710.500,85961.660,850.470,PSK
502,27706.210,85962.740,850.120,PSK
503,27700.820,85962.980,849.710,PSK
504,27696.080,85961.060,849.890,PSK
505,27691.300,85958.500,850.070,PSK
506,27716.080,85962.240,851.650,PSK
507,27720.620,85962.620,851.660,PSK
508,27723.840,85962.120,852.050,PSK
509,27730.440,85960.630,853.170,PSK
510,27710.150,85953.640,850.520,PSK
511,27706.720,85954.450,849.260,PSK
512,27703.070,85954.450,848.510,PSK
513,27693.470,85954.300,848.570,PSK
514,27691.100,85954.300,848.910,PSK
515,27716.760,85955.730,850.830,PSK
516,27723.320,85956.480,851.430,PSK
517,27730.770,85954.970,851.830,PSK
518,27709.320,85943.280,848.180,PSK
519,27706.270,85944.450,848.670,PSK
520,27701.760,85944.410,847.300,PSK
521,27694.980,85945.030,847.440,PSK
522,27693.150,85945.730,847.210,PSK
523,27716.540,85943.960,849.140,PSK
524,27720.560,85944.580,849.100,PSK
525,27725.920,85945.050,850.280,PSK
526,27708.100,85933.380,846.710,PSK
527,27703.740,85934.990,846.890,PSK
528,27701.570,85935.550,847.660,PSK
529,27695.070,85938.030,846.320,PSK
530,27690.170,85939.090,846.150,PSK
531,27716.910,85933.130,848.610,PSK
532,27721.380,85933.720,848.190,PSK
533,27728.260,85934.120,848.970,PSK
534,27709.730,85925.000,845.900,PSK
535,27714.590,85923.810,847.060,PSK
536,27721.140,85925.130,848.050,PSK
537,27724.790,85925.370,847.040,PSK
538,27728.320,85926.450,847.280,PSK
539,27729.640,85925.540,847.670,PSK
540,27701.220,85930.330,845.140,PSK
541,27698.940,85930.700,846.980,PSK
542,27694.390,85930.900,845.890,PSK
543,27688.970,85932.360,845.110,PSK
544,27707.920,85916.330,844.650,PSK
545,27712.940,85916.210,845.820,PSK
546,27723.170,85916.570,847.040,PSK
547,27728.730,85916.020,845.920,PSK
548,27732.040,85915.540,846.530,PSK
549,27695.080,85922.290,844.710,PSK
550,27694.310,85922.810,846.140,PSK
551,27689.880,85923.500,844.750,PSK
552,27686.980,85924.640,844.510,PSK
553,27672.500,85935.100,844.440,PH
554,27670.230,85931.580,844.080,PH
555,27674.910,85936.080,845.080,PH
556,27668.300,85927.470,843.390,PH
557,27673.900,85930.170,844.520,PH
558,27667.050,85924.640,843.520,PH
559,27672.470,85928.540,844.020,PH
560,27666.520,85921.160,842.620,PH
561,27681.110,85922.150,844.020,PH
562,27689.900,85923.570,844.730,PH
563,27681.190,85918.590,843.410,PH
564,27685.360,85925.000,844.480,PH
565,27679.050,85917.960,843.770,PH
566,27689.050,85922.410,843.930,PH
567,27678.430,85915.280,842.840,PH
568,27687.550,85921.150,843.960,PH
569,27677.820,85912.890,843.030,PH
570,27692.760,85921.410,844.710,PH
571,27681.520,85911.100,842.290,PH
572,27690.540,85926.200,844.670,PH
573,27684.910,85911.890,842.880,PH
574,27690.700,85927.400,845.260,PH
575,27684.460,85908.430,842.350,PH
576,27687.290,85929.860,845.140,PH
577,27687.540,85933.010,845.080,PH
578,27686.610,85907.160,842.600,PH
579,27688.710,85933.590,845.820,PH
580,27692.390,85908.240,842.380,PH
581,27691.690,85933.000,845.630,PH
582,27693.910,85911.780,843.020,PH
583,27694.080,85911.620,842.900,PH
584,27693.600,85931.770,845.680,PH
585,27691.970,85915.170,844.130,PH
586,27694.360,85914.010,844.200,PH
587,27694.750,85924.970,845.300,PH
588,27695.990,85917.690,843.770,PH
589,27690.340,85925.410,844.700,PH
590,27697.680,85915.910,843.900,PH
591,27691.760,85920.130,844.690,PH
592,27701.880,85919.370,844.690,PH
593,27697.050,85924.010,845.760,PH
594,27701.800,85921.170,844.950,PH
595,27698.000,85927.110,845.580,PH
596,27708.370,85918.770,845.680,PH
597,27711.870,85919.320,845.570,PH
598,27716.450,85914.740,845.740,PH
599,27713.530,85922.310,846.560,PH
600,27720.450,85914.610,845.410,PH
601,27720.020,85920.080,846.860,PH
602,27723.100,85911.210,845.750,PH
603,27723.030,85914.660,845.470,PH
604,27722.120,85918.680,846.170,PH
605,27723.100,85911.130,845.830,PH
606,27720.430,85911.160,845.050,PH
607,27725.340,85909.100,845.380,PH
608,27720.530,85908.920,844.200,PH
609,27729.330,85908.110,845.240,PH
610,27719.140,85905.330,844.260,PH
611,27732.500,85907.190,845.270,PH
612,27729.570,85901.880,844.930,PH
613,27712.550,85907.290,844.180,PH
614,27726.000,85902.210,844.810,PH
615,27710.310,85906.610,844.600,PH
616,27716.090,85903.140,844.210,PH
617,27724.960,85894.150,844.380,PH
618,27720.220,85901.530,844.400,PH
619,27729.170,85895.750,844.530,PH
620,27722.930,85900.500,844.490,PH
621,27733.140,85896.980,844.730,PH
622,27720.360,85899.910,843.840,PH
623,27725.210,85891.380,844.060,PH
624,27717.640,85893.050,843.490,PH
625,27729.910,85890.690,844.800,PH
626,27712.380,85896.490,844.030,PH
627,27732.900,85890.460,844.180,PH
628,27712.690,85892.030,843.690,PH
629,27728.770,85883.850,844.730,PH
630,27731.480,85885.630,844.940,PH
631,27717.100,85888.190,843.510,PH
632,27726.890,85884.330,844.640,PH
633,27734.850,85881.620,844.990,PH
634,27713.420,85884.780,843.990,PH
635,27723.670,85885.600,844.010,PH
636,27729.280,85877.780,845.020,PH
637,27725.070,85888.880,843.860,PH
638,27716.160,85883.610,844.220,PH
639,27732.500,85880.670,844.730,PH
640,27716.960,85882.710,843.340,PH
641,27733.270,85875.720,845.330,PH
642,27720.290,85885.220,843.590,PH
643,27727.240,85873.820,845.220,PH
644,27725.760,85878.330,844.350,PH
645,27712.350,85883.130,843.650,PH
646,27719.970,85878.610,844.590,PH
647,27711.440,85881.390,842.870,PH
648,27721.210,85872.150,844.850,PH
649,27709.150,85881.460,843.870,PH
650,27719.470,85864.640,844.870,PH
651,27707.090,85879.160,842.710,PH
652,27709.160,85878.680,843.500,PH
653,27711.940,85861.200,844.450,PH
654,27709.090,85875.250,844.300,PH
655,27704.380,85861.170,844.080,PH
656,27705.550,85872.190,843.790,PH
657,27700.860,85869.850,843.200,PH
658,27691.630,85862.730,843.580,PH
659,27697.210,85867.620,843.350,PH
660,27701.440,85875.490,843.670,PH
661,27702.380,85878.380,843.210,PH
662,27696.820,85880.250,842.520,PH
663,27703.280,85879.830,842.350,PH
664,27693.440,85880.290,842.340,PH
665,27704.290,85881.980,843.190,PH
666,27696.110,85884.400,842.370,PH
667,27702.870,85883.450,844.020,PH
668,27698.660,85889.610,843.020,PH
669,27700.580,85889.830,843.200,PH
670,27704.520,85891.660,843.020,PH
671,27707.140,85893.910,842.850,PH
672,27701.190,85895.130,843.050,PH
673,27708.700,85886.560,842.900,PH
674,27706.690,85891.730,842.920,PH
675,27761.100,86116.160,843.400,PH
676,27760.100,86114.500,843.920,PH
677,27756.050,86109.720,843.580,PH
678,27761.790,86111.250,843.510,PH
679,27761.490,86105.790,843.550,PH
680,27760.370,86107.390,844.100,PH
681,27753.860,86113.010,843.650,PH
682,27760.940,86101.280,843.410,PH
683,27756.210,86100.520,844.490,PH
684,27747.750,86098.630,844.430,PH
685,27766.090,86113.040,842.860,PH
686,27762.070,86097.510,844.630,PH
687,27768.680,86113.040,843.100,PH
688,27748.460,86093.390,845.630,PH
689,27763.270,86092.400,844.120,PH
690,27783.980,86138.180,843.270,PH
691,27778.330,86134.530,842.680,PH
692,27787.410,86138.400,842.890,PH
693,27774.900,86129.940,843.420,PH
694,27793.400,86135.190,841.650,PH
695,27777.230,86125.330,843.290,PH
696,27773.860,86076.450,845.560,PH
697,27777.400,86123.070,842.360,PH
698,27772.000,86078.500,845.210,PH
699,27771.910,86115.350,843.330,PH
700,27772.580,86117.750,843.470,PH
701,27768.070,86116.060,843.270,PH
702,27768.560,86118.630,843.360,PH
703,27763.480,86100.160,842.870,PH
704,27764.690,86105.260,842.760,PH
705,27769.060,86098.200,842.880,PH
706,27770.870,86102.870,842.950,PH
707,27759.020,86120.220,843.710,PH
708,27761.440,86136.760,844.250,PH
709,27748.360,86113.220,844.970,PH
710,27746.920,86098.870,845.830,PH
711,27750.900,86079.650,848.120,PH
712,27758.200,86067.580,848.980,PH
713,27765.790,86059.350,848.660,PH
714,27771.550,86069.840,847.370,PH
715,27783.900,86093.760,843.930,PH
716,27762.400,86122.760,843.870,PH
717,27791.720,86114.100,842.970,PH
718,27745.710,86113.510,844.860,PHROAD
719,27742.680,86113.730,844.810,PHROAD
720,27739.800,86113.950,844.840,PHROAD
721,27745.730,86098.160,845.190,PHROAD
722,27742.960,86097.940,845.260,PHROAD
723,27739.750,86097.810,845.320,PHROAD
724,27748.750,86081.520,847.230,PHROAD
725,27746.150,86080.950,846.750,PHROAD
726,27743.230,86080.580,846.800,PHROAD
727,27756.630,86042.140,851.600,PHROAD
728,27754.450,86041.830,851.500,PHROAD
729,27750.850,86041.800,851.780,PHROAD
730,27756.910,86024.460,853.740,PHROAD
731,27754.470,86024.820,853.690,PHROAD
732,27751.830,86024.890,853.810,PHROAD
733,27751.470,86006.530,856.210,PHROAD
734,27749.500,86007.250,856.000,PHROAD
735,27747.420,86007.620,856.340,PHROAD
736,27749.450,85997.610,857.980,PHROAD
737,27747.120,85998.010,857.780,PHROAD
738,27744.780,85998.550,857.890,PHROAD
739,27751.590,85992.150,859.590,PHROAD
740,27749.580,85990.320,859.310,PHROAD
741,27746.910,85988.000,859.680,PHROAD
742,27766.620,85976.630,862.140,PHROAD
743,27765.280,85975.270,862.030,PHROAD
744,27762.660,85974.070,862.190,PHROAD
745,27658.960,86037.740,843.550,PH
746,27659.270,86040.980,843.190,PH
747,27657.950,86040.690,843.890,PH
748,27656.690,86040.240,843.780,PH
749,27656.630,86037.540,844.180,PH
750,27656.870,86036.750,844.630,PH
751,27655.470,86040.650,843.840,PH
752,27655.880,86042.720,844.020,PH
753,27654.740,86043.330,844.220,PH
754,27654.740,86043.830,843.730,PH
755,27652.070,86043.290,844.100,PH
756,27650.790,86043.180,844.070,PH
757,27651.710,86041.340,843.920,PH
758,27660.620,86044.840,843.210,PH
759,27662.740,86045.870,842.670,PH
760,27664.630,86043.750,842.540,PH
761,27665.520,86047.170,841.980,PH
762,27666.390,86049.550,841.590,PH
763,27663.400,86050.300,842.100,PH
764,27662.530,86049.050,842.670,PH
765,27660.690,86048.700,842.710,PH
766,27660.690,86048.740,842.710,PH
767,27659.350,86050.730,842.910,PH
768,27662.510,86055.420,841.580,PH
769,27665.940,86054.320,841.850,PH
770,27667.830,86059.320,841.670,PH
771,27662.740,86060.830,841.610,PH
772,27657.100,86060.300,841.510,PH
773,27654.720,86060.460,841.380,PH
774,27655.890,86063.830,841.400,PH
775,27653.460,86065.730,841.300,PH
776,27652.280,86064.210,841.480,PH
777,27655.480,86067.010,841.280,PH
778,27664.480,86064.430,841.770,PH
779,27665.680,86069.070,841.500,PH
780,27667.970,86068.290,841.440,PH
781,27669.920,86068.190,841.120,PH
782,27668.580,86062.640,841.660,PH
783,27651.440,86069.620,841.990,PH
784,27650.330,86069.940,842.630,PH
785,27651.540,86073.190,842.530,PH
786,27648.460,86075.480,842.460,PH
787,27648.840,86060.220,842.550,PH
788,27646.240,86059.880,842.340,PH
789,27636.640,86066.290,842.400,PH
790,27635.570,86064.810,842.910,PH
791,27667.290,86053.800,841.130,PH
792,27668.220,86054.220,840.430,PH
793,27668.650,86057.680,841.300,PH
794,27669.350,86058.000,840.530,PH
795,27669.820,86061.750,841.220,PH
796,27670.960,86062.480,840.500,PH
797,27671.770,86066.360,840.530,PH
798,27681.030,86064.250,840.690,PH
799,27679.890,86052.460,840.850,PH
800,27686.700,86051.670,841.360,PH
801,27671.680,86055.910,840.430,PH
802,27674.870,86059.310,840.520,PH
MN1,,,,M1
803,27689.490,86058.320,840.140,TLR
804,27689.800,86062.210,839.680,TLR
805,27690.900,86068.000,840.080,TLR
806,27693.970,86082.600,839.870,TLR
807,27688.750,86052.970,839.960,TLR
808,27688.450,86047.350,841.210,TLR
809,27688.740,86045.040,842.990,TLR
810,27702.850,86059.260,839.220,TLR
811,27703.180,86065.750,839.910,TLR
812,27702.490,86072.050,839.380,TLR
813,27699.330,86081.960,839.830,TLR
814,27703.290,86054.740,839.780,TLR
815,27703.720,86050.820,841.480,TLR
816,27704.740,86047.670,842.210,TLR
817,27714.920,86059.900,838.700,TLR
818,27714.450,86065.050,839.180,TLR
819,27712.230,86070.640,838.760,TLR
820,27709.080,86079.760,839.010,TLR
821,27715.050,86057.190,838.880,TLR
822,27715.330,86053.650,839.620,TLR
823,27715.960,86051.640,840.550,TLR
824,27716.680,86048.740,840.790,TLR
825,27717.450,86046.110,841.150,TLR
826,27729.250,86055.630,839.590,TLR
827,27729.910,86058.780,839.440,TLR
828,27730.750,86064.710,838.870,TLR
829,27730.360,86067.130,838.270,TLR
830,27728.690,86051.950,839.800,TLR
831,27728.280,86046.770,840.230,TLR
832,27727.850,86041.730,840.910,TLR
833,27727.350,86036.190,840.940,TLR
834,27746.970,86053.420,838.810,TLR
835,27746.880,86057.490,838.590,TLR
836,27748.940,86060.820,838.840,TLR
837,27744.980,86043.110,839.070,TLR
838,27746.350,86036.260,840.760,TLR
839,27747.070,86033.410,840.740,TLR
840,27758.190,86052.880,838.990,TLR
841,27758.440,86059.230,838.080,TLR
842,27760.770,86069.650,837.910,TLR
843,27756.770,86042.980,839.570,TLR
844,27756.890,86039.960,838.790,TLR
845,27775.410,86054.960,838.210,TLR
846,27774.700,86060.270,836.840,TLR
847,27777.930,86050.580,837.960,TLR
848,27783.120,86051.560,836.800,TLR
849,27783.100,86048.860,835.650,TLRDS
850,27783.310,86046.730,835.970,TLRDS
851,27783.150,86043.460,836.570,TLRDS
852,27782.870,86039.250,837.590,TLRDS
853,27782.760,86050.320,835.980,TLRDS
854,27782.460,86051.090,836.760,TLRDS
855,27782.550,86051.830,837.460,TLRDS
856,27793.520,86047.420,834.860,TLRDS
857,27793.320,86048.430,835.170,TLRDS
858,27793.450,86053.280,836.320,TLRDS
859,27793.490,86052.360,835.890,TLRDS
860,27792.800,86045.290,835.210,TLRDS
861,27792.180,86044.660,835.750,TLRDS
862,27792.150,86041.800,836.890,TLRDS
863,27804.840,86046.330,833.830,TLRDS
864,27804.360,86047.150,834.210,TLRDS
865,27802.640,86051.680,835.030,TLRDS
866,27801.930,86055.020,835.740,TLRDS
867,27803.340,86043.130,835.080,TLRDS
868,27803.250,86043.190,835.620,TLRDS
869,27802.880,86041.790,836.270,TLRDS
870,27816.510,86049.520,833.240,TLRDS
871,27814.960,86052.290,833.630,TLRDS
872,27814.800,86053.310,834.270,TLRDS
873,27813.940,86056.360,834.370,TLRDS
874,27816.950,86046.900,833.520,TLRDS
875,27817.020,86045.370,834.070,TLRDS
876,27817.630,86044.110,834.910,TLRDS
877,27825.700,86052.680,832.210,TLRDS
878,27825.260,86054.830,832.770,TLRDS
879,27824.790,86056.360,833.550,TLRDS
880,27824.420,86058.840,834.160,TLRDS
881,27826.110,86050.440,832.710,TLRDS
882,27827.190,86047.310,833.130,TLRDS
883,27827.000,86045.640,833.830,TLRDS
884,27837.960,86054.740,831.740,TLRDS
885,27837.800,86055.960,832.150,TLRDS
886,27837.840,86058.580,832.740,TLRDS
887,27837.040,86060.580,833.140,TLRDS
888,27837.000,86051.700,831.970,TLRDS
889,27836.740,86049.380,832.420,TLRDS
890,27836.620,86047.300,832.960,TLRDS
891,27848.280,86054.290,831.100,TLRDS
892,27847.850,86055.200,831.430,TLRDS
893,27847.540,86056.620,832.080,TLRDS
894,27846.010,86060.530,832.140,TLRDS
895,27849.380,86052.340,831.420,TLRDS
896,27849.630,86051.050,831.680,TLRDS
897,27849.890,86050.000,832.540,TLRDS
898,27861.430,86063.280,829.960,TLRDS
899,27860.670,86064.270,830.420,TLRDS
900,27859.520,86066.190,830.890,TLRDS
901,27859.180,86067.480,831.730,TLRDS
902,27862.810,86060.730,830.420,TLRDS
903,27864.500,86054.010,830.990,TLRDS
904,27864.240,86051.940,831.040,TLRDS
905,27874.240,86067.430,829.070,TLRDS
906,27874.050,86068.450,829.410,TLRDS
907,27873.750,86069.650,830.180,TLRDS
908,27873.600,86070.210,830.630,TLRDS
909,27875.750,86064.920,829.320,TLRDS
910,27876.170,86060.390,830.050,TLRDS
911,27876.750,86057.080,830.060,TLRDS
912,27892.100,86071.210,828.380,TLRDS
913,27891.550,86072.180,828.640,TLRDS
914,27891.360,86073.250,829.280,TLRDS
915,27891.070,86074.240,829.660,TLRDS
916,27892.300,86068.650,828.450,TLRDS
917,27892.830,86066.340,828.950,TLRDS
918,27893.590,86061.770,828.430,TLRDS
919,27656.720,86017.540,836.810,TLRUS
920,27657.860,86016.830,837.120,TLRUS
921,27660.900,86014.880,837.560,TLRUS
922,27662.720,86012.180,838.090,TLRUS
923,27656.990,86021.490,837.340,TLRUS
924,27656.520,86022.410,838.470,TLRUS
925,27680.900,86017.760,839.180,TLRB
926,27682.350,86014.880,839.150,TLRB
927,27676.120,86011.330,838.990,TLRB
928,27662.630,86031.070,855.920,TLRUS
929,27658.220,86033.220,855.990,TLRUS
930,27658.190,86033.190,855.990,TLRUS
931,27657.270,86034.830,856.360,TLRUS
932,27656.260,86036.450,856.830,TLRUS
933,27665.550,86028.140,856.290,TLRUS
934,27670.830,86025.100,856.640,TLRUS
935,27671.370,86023.140,857.690,TLRUS
936,27655.530,86018.770,854.300,TLRUS
937,27652.440,86020.370,854.600,TLRUS
938,27650.720,86021.720,854.980,TLRUS
939,27651.360,86027.340,855.380,TLRUS
940,27657.710,86020.030,854.770,TLRUS
941,27660.400,86019.250,855.200,TLRUS
942,27664.080,86017.630,855.300,TLRUS
943,27648.960,86007.320,852.070,TLRUS
944,27653.260,86004.750,852.340,TLRUS
945,27654.780,86005.390,852.760,TLRUS
946,27657.620,86003.950,852.930,TLRUS
947,27649.090,86011.120,852.740,TLRUS
948,27647.360,86012.180,853.170,TLRUS
949,27642.070,86009.040,853.110,TLRUS
950,27642.330,85995.750,850.250,TLRUS
951,27645.460,85993.470,850.370,TLRUS
952,27646.620,85992.940,850.710,TLRUS
953,27647.730,85992.150,851.140,TLRUS
954,27639.870,85996.080,850.310,TLRUS
955,27637.480,85997.020,850.260,TLRUS
956,27635.780,85998.850,850.890,TLRUS
957,27632.900,85982.290,847.900,TLRUS
958,27635.900,85980.720,848.450,TLRUS
959,27637.290,85981.320,848.810,TLRUS
960,27637.780,85976.940,849.060,TLRUS
961,27631.110,85987.480,848.450,TLRUS
962,27630.420,85990.890,849.180,TLRUS
963,27630.100,85993.540,849.920,TLRUS
964,27608.460,85969.930,844.710,TLRUS
965,27613.870,85965.680,844.920,TLRUS
966,27615.590,85965.870,845.180,TLRUS
967,27618.080,85964.540,845.830,TLRUS
968,27607.440,85972.750,844.880,TLRUS
969,27601.870,85979.740,844.930,TLRUS
970,27598.810,85983.480,845.950,TLRUS
971,27597.200,85954.170,841.600,TLRUS
972,27598.450,85953.410,841.620,TLRUS
973,27598.330,85953.070,841.820,TLRUS
974,27602.060,85951.790,842.410,TLRUS
975,27592.860,85959.880,841.390,TLRUS
976,27589.760,85962.780,841.710,TLRUS
977,27589.060,85964.980,842.400,TLRUS
978,27582.370,85942.760,839.000,TLRUS
979,27583.470,85942.040,839.320,TLRUS
980,27584.690,85941.770,839.550,TLRUS
981,27587.340,85940.510,840.380,TLRUS
982,27579.680,85945.110,839.270,TLRUS
983,27576.450,85947.990,839.980,TLRUS
984,27574.330,85952.560,842.040,TLRUS
