ST5,3127727.532,786129.636,877.252,MAJ5
ST4,3127652.072,786107.329,865.837,MAJ4
01,3127742.996,786137.153,880.648,DM
02,3127742.557,786137.580,879.851,DM
03,3127742.122,786139.116,879.112,DM
04,3127740.505,786141.395,879.238,DM
05,3127739.510,786143.713,879.191,DM
06,3127738.833,786145.076,879.298,DM
07,3127738.245,786145.878,879.293,DM
08,3127737.266,786147.434,879.287,DM
09,3127739.538,786147.388,880.097,DM
10,3127741.397,786144.573,879.373,DM
11,3127744.274,786143.849,879.507,DM
12,3127746.011,786146.747,879.673,DM
13,3127747.960,786145.632,880.270,DM
14,3127749.008,786143.151,879.763,DM
15,3127749.564,786150.077,880.493,DM
16,3127752.766,786150.303,880.927,DM
17,3127750.251,786153.672,880.538,DM
18,3127755.453,786152.841,881.832,DM
19,3127757.938,786148.309,880.754,DM
20,3127754.679,786150.867,881.268,DM
21,3127753.419,786156.869,881.391,DM
22,3127751.275,786155.205,881.493,DM
23,3127729.068,786138.936,875.733,DM
24,3127723.527,786139.285,874.554,DM
25,3127758.542,786151.748,881.340,DM
26,3127753.997,786145.093,880.140,DM
27,3127736.663,786145.770,878.533,DM
28,3127737.142,786143.975,877.458,DM
29,3127737.455,786141.906,876.209,DM
30,3127738.281,786140.137,876.360,DM
31,3127739.614,786138.082,876.640,DM
32,3127738.600,786136.384,877.658,DM
33,3127736.453,786134.657,877.401,DM
34,3127734.227,786134.356,877.076,DM
35,3127733.727,786135.242,877.552,DM
36,3127734.446,786137.233,877.070,DM
37,3127736.289,786138.107,877.094,DM
38,3127736.994,786139.763,875.692,DM
39,3127736.058,786141.101,875.639,DM
40,3127734.775,786142.167,876.273,DM
41,3127733.160,786142.590,876.499,DM
42,3127731.564,786142.693,876.549,DM
43,3127731.644,786141.108,876.228,DM
44,3127729.881,786141.474,875.990,DM
45,3127729.079,786141.476,875.800,DM
46,3127727.856,786141.320,876.340,DM
47,3127729.081,786139.831,875.202,DM
48,3127729.488,786138.906,874.810,DM
49,3127729.818,786137.623,874.360,DM
50,3127729.330,786136.292,874.856,DM
51,3127729.100,786135.355,876.152,DM
52,3127729.177,786132.808,876.416,DM
53,3127728.071,786133.491,875.745,DM
54,3127724.046,786137.074,874.155,DM
55,3127725.558,786141.841,875.029,DM
56,3127725.342,786139.666,874.538,DM
57,3127718.382,786140.426,873.434,DM
58,3127719.854,786137.207,873.969,DM
59,3127721.075,786135.897,874.252,DM
60,3127722.922,786133.846,873.987,DM
61,3127709.336,786149.624,874.262,CSD
62,3127709.837,786148.807,873.498,CSD
63,3127710.533,786147.810,872.928,CSD
64,3127711.904,786145.035,872.889,CSD
65,3127713.897,786142.328,873.266,CSD
66,3127716.100,786139.946,872.855,CSD
67,3127719.007,786137.547,873.561,CSD
68,3127721.029,786135.905,874.304,CSD
69,3127722.714,786134.814,873.897,CSD
70,3127724.461,786132.296,875.088,CSD
71,3127725.397,786131.518,876.198,CSD
72,3127703.232,786143.990,873.902,CSD
73,3127704.087,786143.001,872.689,CSD
74,3127705.957,786140.199,871.948,CSD
75,3127706.589,786137.317,871.114,CSD
76,3127708.008,786134.465,871.188,CSD
77,3127710.917,786131.558,872.348,CSD
78,3127712.973,786128.790,873.085,CSD
79,3127713.754,786126.801,874.221,CSD
80,3127758.627,786155.637,881.725,CSD
81,3127753.716,786159.711,884.135,CSD
82,3127759.974,786154.964,882.665,CSD
83,3127754.185,786159.314,883.288,CSD
84,3127759.816,786154.961,882.627,CSD
85,3127755.807,786159.611,881.591,CSD
86,3127757.077,786156.628,881.894,CSU
87,3127756.000,786158.116,881.679,CSU
88,3127760.012,786165.796,884.733,CSU
89,3127760.428,786165.284,883.896,CSU
90,3127761.366,786164.282,883.775,CSU
91,3127762.237,786163.114,882.689,CSU
92,3127762.829,786162.439,882.240,CSU
93,3127763.558,786161.217,883.781,CSU
94,3127772.559,786167.237,885.468,CSU
95,3127771.799,786168.397,885.311,CSU
96,3127771.356,786168.940,884.461,CSU
97,3127770.048,786169.902,884.367,CSU
98,3127768.739,786171.653,884.838,CSU
99,3127767.326,786172.949,884.360,CSU
100,3127766.533,786173.555,884.810,CSU
101,3127763.823,786173.645,885.990,CSU
102,3127773.120,786180.717,888.309,CSU
103,3127773.910,786180.064,887.267,CSU
104,3127774.199,786179.660,886.539,CSU
105,3127775.808,786177.806,886.669,CSU
106,3127777.460,786176.236,886.546,CSU
107,3127778.626,786175.577,887.265,CSU
108,3127779.868,786174.394,888.074,CSU
109,3127784.988,786191.236,890.067,CSU
110,3127785.482,786189.915,889.532,CSU
111,3127787.073,786186.533,888.612,CSU
112,3127787.657,786184.833,888.343,CSU
113,3127787.254,786182.677,888.852,CSU
114,3127789.366,786179.005,891.056,CSU
115,3127793.164,786196.314,891.925,CSU
116,3127794.742,786194.924,890.785,CSU
117,3127796.152,786194.076,890.458,CSU
118,3127797.375,786193.168,890.592,CSU
119,3127798.008,786192.329,891.867,CSU
120,3127799.604,786189.859,893.818,CSU
121,3127808.944,786210.888,895.096,CSU
122,3127809.376,786210.149,894.391,CSU
123,3127810.472,786208.066,894.583,CSU
124,3127812.024,786206.204,894.470,CSU
125,3127815.024,786215.963,896.420,CSU
126,3127815.980,786214.633,895.622,CSU
127,3127817.384,786213.252,895.519,CSU
128,3127818.152,786212.267,895.555,CSU
ST1,3127727.532,786129.635,877.250,MAJ1
129,3127746.291,786123.267,878.310,CNL
130,3127746.427,786125.435,878.556,CNL
131,3127746.659,786127.180,879.201,CNL
132,3127746.185,786121.425,878.504,CNL
133,3127745.954,786119.361,878.489,CNL
134,3127746.318,786128.645,880.447,CNL
135,3127749.029,786128.661,881.166,CNL
136,3127740.282,786123.032,877.247,CNL
137,3127740.603,786121.160,877.524,CNL
138,3127741.656,786118.000,877.718,CNL
139,3127740.045,786125.028,877.494,CNL
140,3127740.033,786126.889,877.760,CNL
141,3127740.485,786128.758,879.174,CNL
142,3127740.300,786130.412,879.833,CNL
143,3127734.507,786121.762,876.569,CNL
144,3127732.916,786123.909,876.734,CNL
145,3127731.359,786125.844,876.984,CNL
146,3127729.684,786128.033,877.230,CNL
147,3127736.232,786119.959,876.637,CNL
148,3127738.482,786118.246,876.840,CNL
149,3127740.650,786117.001,877.569,CNL
150,3127731.886,786116.038,875.926,CNL
151,3127734.585,786114.365,875.704,CNL
152,3127737.433,786113.563,875.636,CNL
153,3127740.737,786114.108,877.485,CNL
154,3127742.912,786113.032,877.568,CNL
155,3127728.557,786117.759,876.099,CNL
156,3127726.158,786119.032,876.047,CNL
157,3127724.192,786119.779,875.267,CNL
158,3127730.868,786110.415,875.302,CNL
159,3127728.277,786110.206,875.231,CNL
160,3127725.956,786110.669,874.963,CNL
161,3127725.180,786110.913,874.583,CNL
162,3127721.290,786111.714,874.163,CNL
163,3127733.781,786110.856,875.365,CNL
164,3127737.915,786111.155,875.390,CNL
165,3127739.927,786111.505,877.079,CNL
166,3127736.393,786101.548,874.434,CNL
167,3127734.271,786100.191,874.427,CNL
168,3127738.781,786103.414,874.548,CNL
169,3127732.328,786098.795,874.407,CNL
170,3127741.107,786104.656,874.779,CNL
171,3127742.743,786104.664,876.111,CNL
172,3127744.908,786105.793,877.091,CNL
173,3127747.173,786106.358,876.809,CNL
174,3127731.136,786098.309,874.045,CNL
175,3127741.998,786094.533,873.707,CNL
176,3127740.073,786092.430,873.833,CNL
177,3127744.347,786096.528,873.829,CNL
178,3127745.644,786097.507,874.348,CNL
179,3127738.600,786090.920,873.705,CNL
180,3127749.364,786100.068,876.127,CNL
181,3127750.649,786101.507,876.320,CNL
182,3127736.975,786089.641,873.201,CNL
183,3127747.345,786085.612,872.783,CNL
184,3127749.898,786086.599,872.605,CNL
185,3127745.333,786084.472,872.962,CNL
186,3127751.170,786087.432,872.874,CNL
187,3127743.259,786084.512,872.893,CNL
188,3127742.503,786084.223,872.282,CNL
189,3127740.695,786084.078,872.134,CNL
190,3127751.946,786079.969,871.893,CNL
191,3127747.484,786081.386,871.891,CNL
192,3127753.681,786080.266,871.952,CNL
193,3127745.796,786082.466,872.555,CNL
194,3127755.054,786079.936,872.224,CNL
195,3127744.244,786083.009,872.465,CNL
196,3127749.701,786077.930,871.646,CNL
197,3127752.069,786077.826,871.732,CNL
198,3127754.082,786076.933,872.166,CNL
199,3127755.455,786076.930,872.886,CNL
200,3127747.127,786078.980,871.626,CNL
201,3127744.774,786080.228,872.131,CNL
202,3127733.114,786132.958,877.664,CATCH A
203,3127732.933,786131.848,878.022,CATCH A
204,3127733.151,786130.385,878.134,CATCH A
205,3127733.470,786128.912,877.599,CATCH A
206,3127737.148,786129.841,878.544,CATCH A
207,3127735.180,786130.980,878.364,CATCH A
208,3127737.632,786128.912,878.342,CATCH A
209,3127735.102,786130.979,878.357,CATCH A
210,3127738.803,786131.003,879.021,CATCH A
211,3127739.447,786132.880,879.854,CATCH A
212,3127739.612,786130.449,879.610,CATCH A
213,3127740.264,786132.167,879.976,CATCH A
214,3127740.989,786130.435,880.041,CATCH A
215,3127742.508,786131.739,880.735,CATCH A
216,3127741.611,786134.345,880.128,CATCH A
217,3127744.262,786130.548,881.239,CATCH A
218,3127743.403,786134.801,880.956,CATCH A
219,3127746.935,786132.274,881.815,CATCH A
220,3127746.751,786135.368,881.688,CATCH A
221,3127748.846,786129.253,881.772,CATCH A
222,3127747.333,786133.423,882.059,CATCH A
223,3127749.741,786131.627,882.384,CATCH A
224,3127747.977,786133.294,882.500,CATCH A
225,3127753.259,786131.804,882.888,CATCH A
226,3127748.247,786135.165,882.348,CATCH A
227,3127752.401,786134.424,882.886,CATCH A
228,3127749.958,786137.150,882.426,CATCH A
229,3127754.195,786131.850,882.896,CATCH A
230,3127750.012,786137.082,882.364,CATCH A
231,3127752.243,786136.815,882.816,CATCH A
232,3127756.983,786137.841,883.395,CATCH A
233,3127755.887,786140.578,883.233,CATCH A
234,3127759.308,786137.537,883.552,CATCH A
235,3127756.160,786141.351,882.699,CATCH A
236,3127750.915,786128.286,880.994,CATCH A
237,3127755.993,786133.723,883.100,CATCH A
238,3127752.396,786127.448,880.938,CATCH A
239,3127740.497,786127.684,877.992,CATCH A
240,3127737.327,786128.375,877.901,CATCH A
241,3127749.729,786126.408,879.437,CATCH A
242,3127753.445,786125.945,879.940,CATCH A
243,3127756.249,786125.854,880.366,CATCH A
244,3127763.248,786135.107,883.853,CATCH A
245,3127761.967,786131.285,883.503,CATCH A
246,3127766.121,786133.040,883.850,CATCH A
247,3127766.245,786131.964,883.318,CATCH A
248,3127763.539,786136.987,883.938,CATCH A
249,3127759.638,786142.097,883.946,CATCH A
250,3127758.931,786144.377,882.962,CATCH A
251,3127771.863,786134.279,883.785,CATCH A
252,3127767.880,786139.027,884.155,CATCH A
253,3127764.182,786142.993,884.423,CATCH A
254,3127765.826,786140.142,884.051,CATCH A
255,3127767.533,786137.652,884.181,CATCH A
256,3127767.478,786135.104,884.055,CATCH A
257,3127766.790,786133.929,883.989,CATCH A
258,3127766.157,786132.251,883.589,CATCH A
259,3127764.143,786131.829,883.618,CATCH A
260,3127762.280,786130.562,883.276,CATCH A
261,3127760.891,786131.896,883.579,CATCH A
262,3127760.925,786134.466,883.586,CATCH A
263,3127770.254,786138.340,884.341,CATCH A
264,3127771.657,786136.411,884.212,CATCH A
265,3127771.778,786134.986,883.999,CATCH A
266,3127773.679,786140.545,884.602,CATCH A
267,3127773.584,786138.288,884.443,CATCH A
268,3127778.050,786139.442,884.726,CATCH A
269,3127779.147,786141.739,884.919,CATCH A
270,3127776.687,786146.393,886.033,CATCH A
271,3127774.249,786148.068,886.245,CATCH A
272,3127771.740,786150.359,886.389,CATCH A
273,3127768.982,786149.396,885.889,CATCH A
274,3127768.566,786145.157,885.215,CATCH A
275,3127697.576,786076.665,866.927,MN1
ST2,3127689.390,786044.251,863.733,MAJ2
300,3127744.602,786076.792,871.399,CNL
301,3127743.950,786079.222,871.462,CNL
302,3127744.556,786074.411,871.354,CNL
303,3127743.954,786081.087,871.648,CNL
304,3127744.705,786072.360,871.394,CNL
305,3127744.790,786082.757,872.420,CNL
306,3127731.855,786076.276,870.336,CNL
307,3127731.761,786078.477,870.291,CNL
308,3127732.250,786080.890,870.522,CNL
309,3127731.355,786074.575,870.458,CNL
310,3127732.326,786081.278,870.607,CNL
311,3127731.321,786072.535,870.368,CNL
312,3127732.877,786082.136,872.088,CNL
313,3127718.806,786076.978,868.989,CNL
314,3127733.353,786083.454,872.228,CNL
315,3127718.187,786073.620,868.541,CNL
316,3127719.285,786081.392,869.105,CNL
317,3127718.136,786071.487,868.460,CNL
318,3127719.464,786088.365,870.629,CNL
319,3127717.997,786069.713,867.997,CNL
320,3127708.559,786075.030,867.569,CNL
321,3127706.311,786077.014,867.615,CNL
322,3127710.087,786072.583,867.094,CNL
323,3127703.134,786080.814,867.485,CNL
324,3127710.878,786069.681,867.209,CNL
325,3127702.027,786071.457,866.741,CNL
326,3127700.552,786074.255,866.957,CNL
327,3127702.358,786070.446,866.445,CNL
328,3127699.316,786076.301,866.955,CNL
329,3127703.118,786069.430,865.904,CNL
330,3127687.545,786069.028,863.109,FRB
331,3127675.955,786060.612,862.599,FRB
332,3127705.183,786067.446,865.974,FRB
333,3127685.799,786061.008,862.831,FRB
334,3127707.404,786064.847,865.638,FRB
335,3127688.114,786063.665,862.797,FRB
336,3127708.676,786063.421,865.476,FRB
337,3127689.935,786065.990,863.053,FRB
338,3127696.274,786063.461,864.335,FRB
339,3127691.368,786067.154,865.004,FRB
340,3127694.992,786065.299,864.912,FRB
341,3127690.799,786058.797,862.800,FRB
342,3127697.901,786064.302,864.621,FRB
343,3127693.744,786058.765,862.904,FRB
344,3127700.133,786061.712,864.702,FRB
345,3127696.211,786060.660,863.358,FRB
346,3127700.321,786059.394,864.132,FRB
347,3127696.252,786061.134,864.213,FRB
348,3127703.277,786063.541,865.164,FRB
349,3127711.350,786060.197,865.175,FRB
350,3127711.591,786062.671,865.778,FRB
351,3127714.452,786065.101,866.886,FRB
352,3127715.772,786063.473,866.738,FRB
353,3127716.422,786065.333,867.279,FRB
354,3127716.819,786066.431,867.337,FRB
355,3127717.580,786063.062,866.605,FRB
356,3127718.496,786062.952,866.232,FRB
357,3127720.125,786061.482,866.541,FRB
358,3127721.183,786060.602,866.918,FRB
359,3127715.443,786054.506,865.015,FRB
360,3127714.819,786055.353,864.777,FRB
361,3127713.656,786056.609,864.756,FRB
362,3127711.824,786057.766,864.839,FRB
363,3127709.545,786062.800,865.543,FRB
364,3127691.005,786055.466,862.985,BUL
365,3127687.799,786058.609,862.853,BUL
366,3127683.507,786054.522,862.961,BUL
367,3127682.275,786059.129,862.677,CHAU
368,3127679.776,786056.643,862.563,CHAU
369,3127675.612,786060.903,862.544,CHAU
370,3127678.304,786062.668,863.210,CHAU
371,3127683.856,786058.897,862.774,FRB
372,3127685.917,786060.089,862.789,FRB
373,3127684.934,786061.654,862.683,FRB
374,3127682.286,786065.234,862.821,FRB
375,3127685.759,786066.272,862.828,FRB
MN1,3127689.291,786044.203,863.675,MN1
376,3127685.570,786052.241,863.188,BUL
377,3127686.709,786048.505,862.942,FRB
378,3127688.595,786046.309,863.025,FRB
379,3127695.035,786050.049,862.812,FRB
380,3127698.558,786041.337,863.243,FRB
381,3127690.528,786049.747,862.812,FRB
382,3127702.634,786042.488,862.884,FRB
383,3127683.041,786052.334,863.258,FRB
384,3127694.842,786039.695,862.343,FRB
385,3127681.020,786053.502,863.188,FRB
386,3127681.127,786049.406,861.679,FRB
387,3127680.316,786054.769,862.742,FRB
388,3127679.623,786055.440,862.439,FRB
389,3127674.795,786061.594,861.710,FRB
390,3127678.215,786056.877,861.563,FRB
391,3127675.133,786063.778,861.891,FRB
392,3127671.494,786067.575,861.947,FRB
393,3127673.598,786071.041,862.685,FRB
394,3127674.585,786068.084,862.223,FRB
395,3127670.762,786069.428,862.361,FRB
396,3127677.185,786054.004,860.794,FRB
397,3127667.695,786061.589,861.291,FRB
398,3127679.002,786049.184,860.051,FRB
399,3127680.951,786046.247,859.567,FRB
400,3127684.296,786042.151,859.029,FRB
401,3127691.448,786037.983,859.038,FRB
402,3127691.523,786038.919,859.730,FRB
403,3127690.326,786039.490,860.590,FRB
404,3127684.838,786042.577,859.433,PNS
405,3127683.625,786043.946,859.678,PNS
406,3127686.887,786040.500,858.952,PNS
407,3127681.575,786045.437,859.409,PNS
408,3127690.161,786038.149,858.790,PNS
409,3127677.420,786049.038,859.859,PNS
410,3127682.811,786038.495,858.097,PNS
411,3127680.337,786040.514,858.575,PNS
412,3127684.559,786037.093,858.096,PNS
413,3127677.455,786042.953,859.215,PNS
414,3127686.773,786035.595,858.123,PNS
415,3127674.686,786045.000,859.818,PNS
416,3127688.866,786034.509,858.593,PNS
417,3127690.815,786033.015,859.488,PNS
418,3127680.073,786032.275,856.851,PNS
419,3127677.857,786033.453,857.241,PNS
420,3127675.279,786035.148,857.444,PNS
421,3127673.740,786035.924,857.845,PNS
422,3127672.697,786036.816,857.861,PNS
423,3127671.441,786037.697,857.798,PNS
424,3127681.747,786031.091,856.784,PNS
425,3127685.055,786029.185,858.885,PNS
426,3127683.122,786030.390,856.964,PNS
427,3127686.460,786028.608,859.894,PNS
428,3127684.497,786029.718,857.087,PNS
429,3127677.224,786025.045,855.496,PNS
430,3127675.514,786026.443,855.486,PNS
431,3127679.382,786023.829,855.993,PNS
432,3127673.520,786028.000,855.971,PNS
433,3127681.465,786022.668,856.145,PNS
434,3127672.748,786028.482,855.841,PNS
435,3127671.578,786028.977,855.836,PNS
436,3127670.749,786029.370,856.264,PNS
437,3127670.318,786029.104,857.404,PNS
438,3127669.196,786029.590,856.321,PNS
439,3127672.730,786022.061,854.619,PNS
440,3127666.874,786026.465,855.695,PNS
441,3127667.492,786026.116,855.386,PNS
442,3127674.248,786020.856,854.674,PNS
443,3127668.132,786025.709,856.375,PNS
444,3127676.511,786019.234,855.008,PNS
445,3127678.311,786018.207,855.593,PNS
446,3127679.258,786017.047,855.920,PNS
447,3127668.498,786025.542,855.350,PNS
448,3127669.380,786025.405,854.819,PNS
449,3127670.039,786024.702,854.863,PNS
450,3127667.691,786015.056,853.527,PNS
451,3127665.563,786016.271,853.524,PNS
452,3127662.886,786017.645,853.074,PNS
453,3127662.401,786017.859,853.817,PNS
454,3127661.817,786017.973,853.016,PNS
455,3127659.980,786019.141,853.137,PNS
456,3127659.272,786019.686,853.350,PNS
457,3127670.897,786012.733,853.585,PNS
458,3127673.499,786011.673,854.567,PNS
459,3127674.641,786010.923,855.578,PNS
460,3127675.747,786010.884,855.630,PNS
461,3127661.477,786006.173,852.417,PNS
462,3127664.277,786004.736,851.975,PNS
463,3127659.253,786007.137,852.395,PNS
464,3127667.882,786003.186,852.615,PNS
465,3127658.208,786007.881,852.043,PNS
466,3127657.255,786008.363,852.748,PNS
467,3127673.023,786000.303,853.677,PNS
468,3127674.768,785999.385,853.406,PNS
469,3127656.792,786008.428,851.850,PNS
470,3127654.973,786009.820,851.580,PNS
471,3127653.747,786010.952,850.810,PNS
472,3127656.630,785994.795,850.582,PNS
473,3127660.325,785993.729,850.751,PNS
474,3127654.588,785995.459,850.041,PNS
475,3127664.308,785992.577,851.089,PNS
476,3127653.790,785995.682,851.043,PNS
477,3127669.363,785990.670,851.297,PNS
478,3127653.184,785996.029,849.761,PNS
479,3127650.504,785996.744,849.232,PNS
480,3127648.121,785997.651,848.776,PNS
481,3127645.477,785998.809,848.822,PNS
482,3127650.279,785982.271,848.780,PNS
483,3127654.685,785981.279,848.870,PNS
484,3127647.715,785983.177,848.561,PNS
485,3127657.047,785981.576,848.951,PNS
486,3127647.371,785983.772,849.233,PNS
487,3127659.120,785981.308,849.059,PNS
488,3127647.026,785983.906,847.669,PNS
489,3127661.433,785981.340,849.594,PNS
490,3127644.941,785985.983,847.440,PNS
491,3127666.275,785981.615,850.968,PNS
492,3127643.231,785987.343,847.716,PNS
493,3127639.739,785990.023,847.495,PNS
494,3127637.715,785991.128,847.626,PNS
495,3127666.209,785981.638,850.972,PNS
496,3127644.460,785978.413,848.061,PNS
497,3127647.315,785976.221,847.441,PNS
498,3127642.944,785979.859,847.807,PNS
499,3127651.114,785972.272,847.721,PNS
500,3127642.499,785980.103,846.383,PNS
501,3127653.282,785968.844,847.614,PNS
502,3127638.739,785983.030,846.406,PNS
503,3127658.708,785964.448,847.383,PNS
504,3127635.714,785984.955,846.554,PNS
505,3127633.839,785987.292,846.912,PNS
506,3127631.495,785988.721,846.985,PNS
507,3127636.417,785969.652,846.096,PNS
508,3127634.412,785970.920,846.038,PNS
509,3127638.051,785968.388,846.170,PNS
510,3127641.795,785967.025,845.902,PNS
511,3127633.905,785971.494,846.173,PNS
512,3127645.493,785965.953,845.717,PNS
513,3127631.365,785974.597,845.349,PNS
514,3127648.566,785966.194,846.626,PNS
515,3127627.579,785977.837,845.439,PNS
516,3127649.732,785965.522,847.683,PNS
517,3127625.664,785979.258,845.256,PNS
518,3127624.366,785980.560,845.313,PNS
519,3127649.753,785965.537,847.702,PNS
520,3127628.697,785962.632,844.575,PNS
521,3127632.248,785960.375,844.525,PNS
522,3127627.631,785963.554,844.779,PNS
523,3127636.984,785956.970,844.483,PNS
524,3127626.704,785964.435,845.611,PNS
525,3127636.952,785957.001,844.502,PNS
526,3127623.399,785967.834,844.251,PNS
527,3127642.933,785951.318,844.611,PNS
528,3127620.161,785971.027,844.353,PNS
529,3127618.585,785972.941,844.184,PNS
530,3127650.293,785946.857,845.966,PNS
531,3127621.901,785954.586,843.184,PNS
532,3127624.652,785951.955,843.239,PNS
533,3127620.694,785955.818,843.048,PNS
534,3127628.715,785948.220,843.398,PNS
535,3127628.684,785948.207,843.395,PNS
536,3127626.804,785971.488,844.665,PNS
537,3127628.692,785948.203,843.386,PNS
538,3127636.158,785941.514,843.655,PNS
539,3127613.002,785962.029,842.494,PNS
540,3127610.495,785963.245,842.452,PNS
541,3127645.418,785932.376,843.534,PNS
542,3127656.095,785935.786,844.284,PWH
543,3127604.039,785934.996,841.796,PWH
544,3127610.071,785928.034,841.412,PWH
545,3127637.170,785942.197,843.196,PWH
546,3127601.337,785929.250,841.212,PWH
547,3127613.581,785920.400,842.334,PWH
548,3127634.894,785942.219,843.636,PWH
549,3127648.375,785933.104,843.763,PWH
550,3127606.474,785922.202,841.841,PWH
551,3127589.688,785937.364,840.936,PWH
552,3127595.064,785940.607,841.924,PWH
553,3127602.310,785917.140,841.647,PWH
554,3127644.832,785925.698,843.467,PWH
555,3127596.095,785922.595,840.453,PWH
556,3127606.062,785910.827,842.516,PWH
557,3127599.741,785921.493,841.071,PWH
558,3127593.108,785913.336,841.673,PWH
559,3127606.137,785926.802,841.143,PWH
560,3127623.551,785913.821,843.199,PWH
561,3127623.517,785913.855,843.208,PWH
562,3127612.078,785927.381,841.393,PWH
563,3127623.498,785913.822,843.202,PWH
564,3127630.373,785912.928,843.522,PWH
565,3127612.518,785929.568,841.781,PWH
566,3127633.481,785932.068,843.020,PWH
567,3127637.328,785910.308,843.640,PWH
568,3127618.406,785930.798,842.074,PWH
569,3127645.065,785914.895,843.726,PWH
570,3127648.227,785915.712,843.969,PWH
571,3127619.225,785935.169,841.584,PWH
572,3127621.726,785935.371,842.230,PWH
573,3127617.478,785940.010,841.539,PWH
574,3127630.799,785920.603,842.968,PWH
575,3127650.128,785910.832,843.991,PWH
576,3127617.576,785939.947,841.536,PWH
577,3127643.655,785908.974,844.019,PWH
578,3127621.580,785941.644,841.461,PWH
579,3127632.932,785918.621,843.292,PWH
580,3127643.210,785920.790,842.886,PWH
581,3127618.730,785947.510,841.435,PWH
582,3127651.153,785934.845,843.983,PWH
583,3127639.226,785904.053,844.251,PWH
584,3127610.802,785941.049,841.790,PWH
585,3127632.925,785903.345,844.276,PWH
586,3127626.802,785901.568,844.144,PWH
587,3127623.412,785953.982,843.017,PWH
588,3127621.562,785903.369,843.597,PWH
589,3127636.207,785913.174,843.658,PWH
590,3127620.201,785909.620,843.109,PWH
591,3127622.379,785951.649,842.099,PWH
592,3127620.163,785909.687,843.071,PWH
593,3127623.992,785951.456,843.192,PWH
594,3127634.074,785906.200,843.890,PWH
595,3127625.279,785948.600,842.073,PWH
596,3127661.736,785911.871,844.693,PWH
597,3127625.166,785944.596,841.906,PWH
598,3127682.280,785910.259,845.159,PWH
599,3127623.703,785912.958,843.203,PWH
600,3127614.809,785901.039,843.129,PWH
601,3127619.368,785911.145,842.818,PWH
602,3127625.989,785946.488,842.579,PWH
603,3127651.507,785900.494,844.993,PWH
604,3127603.110,785906.641,842.557,PWH
605,3127640.030,785897.741,844.774,PWH
606,3127628.302,785947.067,842.971,PWH
607,3127640.041,785897.691,844.828,PWH
608,3127616.595,785915.550,842.623,PWH
609,3127631.776,785945.095,843.432,PWH
610,3127634.383,785896.838,844.324,PWH
611,3127634.975,785939.262,842.581,PWH
612,3127635.830,785937.124,843.048,PWH
613,3127641.683,785922.650,843.166,PWH
614,3127630.046,785933.992,841.869,PWH
615,3127625.768,785931.237,842.010,PWH
616,3127630.337,785919.042,843.157,PWH
617,3127631.375,785925.673,843.052,PWH
618,3127624.255,785927.025,842.447,PWH
619,3127631.508,785925.636,842.997,PWH
620,3127636.777,785928.852,842.677,PWH
621,3127631.331,785925.610,843.055,PWH
622,3127644.947,785921.347,844.009,PWH
623,3127644.622,785930.009,843.074,PWH
624,3127650.514,785920.490,843.946,PWH
625,3127633.379,785925.337,842.724,PWH
626,3127639.583,785937.584,843.578,PWH
627,3127640.982,785940.700,843.323,PWH
628,3127636.375,785941.467,843.386,PWH
629,3127634.924,785942.322,843.729,PWH
630,3127635.399,785947.563,843.255,PWH
631,3127649.143,785941.932,844.728,PWH
632,3127633.821,785953.719,843.785,PWH
633,3127639.947,785949.771,844.527,PWH
634,3127630.445,785959.587,844.420,PWH
635,3127627.637,785963.130,844.901,PWH
636,3127644.435,785955.035,846.087,PWH
637,3127630.370,785966.073,844.695,PWH
638,3127631.564,785963.489,844.281,PWH
639,3127644.379,785954.884,846.097,PWH
640,3127634.581,785959.594,844.592,PWH
641,3127641.238,785962.745,845.766,PWH
642,3127640.005,785954.630,844.671,PWH
643,3127637.263,785967.933,846.426,PWH
644,3127641.098,785959.080,845.137,PWH
645,3127634.904,785971.431,846.230,PWH
646,3127639.994,785974.464,845.931,PWH
647,3127646.604,785961.418,845.750,PWH
648,3127646.587,785961.447,845.762,PWH
649,3127643.441,785979.679,847.778,WL
650,3127646.518,785972.867,847.988,WL
651,3127639.276,785975.743,847.021,WL
652,3127648.927,785965.608,847.640,WL
653,3127634.706,785971.543,846.443,WL
654,3127648.999,785965.419,847.645,WL
655,3127630.013,785967.344,846.070,WL
656,3127650.011,785959.990,847.319,WL
657,3127626.568,785963.956,845.608,WL
658,3127650.453,785947.603,846.180,WL
659,3127648.389,785935.837,844.708,WL
660,3127610.918,785950.551,841.865,WL
661,3127642.197,785922.917,843.711,WL
662,3127638.956,785920.798,843.519,WL
663,3127635.166,785919.105,843.521,WL
664,3127625.571,785919.982,842.680,WL
665,3127607.043,785932.987,842.650,WL
666,3127588.260,785945.877,841.557,WL
667,3127619.074,785929.148,842.417,TOL
668,3127617.387,785927.087,842.472,TOL
669,3127622.061,785927.248,842.539,TOL
670,3127626.833,785944.298,842.027,HUT
671,3127624.157,785940.673,842.112,HUT
672,3127631.761,785940.698,841.912,HUT
673,3127594.085,785949.913,840.915,BUL
674,3127599.321,785940.921,840.496,BUL
675,3127601.191,785943.244,840.423,BUL
676,3127659.324,785908.407,845.342,BUL
677,3127679.679,785902.907,845.524,BUL
678,3127657.651,785902.482,845.323,BUL
679,3127620.420,785902.216,843.199,ROAD
680,3127618.192,785908.329,843.270,ROAD
681,3127619.204,785905.919,843.333,ROAD
682,3127642.238,785918.850,843.880,ROAD
683,3127647.340,785915.685,843.870,ROAD
684,3127644.548,785917.759,843.820,ROAD
685,3127649.189,785936.970,844.364,ROAD
686,3127654.866,785934.955,844.450,ROAD
687,3127651.972,785936.036,844.329,ROAD
688,3127651.420,785949.346,845.351,ROAD
689,3127653.728,785949.247,845.266,ROAD
690,3127657.056,785947.821,845.226,ROAD
691,3127655.046,785984.273,849.546,ROAD
692,3127657.605,785984.220,849.338,ROAD
693,3127661.032,785983.193,849.703,ROAD
694,3127661.125,786011.865,852.843,ROAD
695,3127667.141,786007.808,852.947,ROAD
696,3127664.916,786009.466,852.875,ROAD
697,3127678.735,786036.269,857.912,ROAD
698,3127687.371,786037.184,858.326,ROAD
699,3127682.655,786037.859,857.987,ROAD
700,3127673.663,786061.374,861.490,ROAD
701,3127669.136,786060.321,861.306,ROAD
702,3127671.469,786061.597,861.440,ROAD
MJ,3127630.448,786027.088,854.337,ST3
ST3,3127630.375,786027.055,854.455,MAJ3
703,3127577.849,785954.880,840.393,BUL
704,3127560.914,785950.129,839.564,TR
705,3127566.959,785957.339,839.651,TR
706,3127563.957,785953.755,839.618,TR
707,3127568.056,785958.965,839.204,TR
708,3127571.323,785963.080,839.943,TR
709,3127571.434,785966.545,840.020,TR
710,3127556.984,785962.584,839.272,TR
711,3127555.124,785959.859,839.391,TR
712,3127553.869,785993.247,842.875,MN2
713,3127557.433,785962.945,838.817,TR
714,3127555.877,785959.868,839.624,TR
715,3127557.132,785967.565,838.709,TR
716,3127555.785,785953.770,839.743,TR
717,3127558.256,785972.146,839.532,TR
718,3127555.811,785953.751,839.746,TR
719,3127557.714,785973.987,840.287,TR
720,3127555.245,785950.483,839.196,TR
721,3127551.218,785964.664,839.138,TR
722,3127547.283,785958.559,839.005,TR
723,3127551.714,785967.517,838.721,TR
724,3127547.183,785951.778,838.816,TR
725,3127552.077,785970.747,838.745,TR
726,3127552.236,785973.767,839.875,TR
727,3127542.475,785966.226,838.428,TR
728,3127552.607,785974.827,840.622,TR
729,3127540.818,785960.825,838.392,TR
730,3127541.659,785955.330,838.383,TR
731,3127546.361,785977.021,840.211,TR
732,3127544.110,785970.309,838.492,TR
733,3127545.129,785972.930,838.377,TR
734,3127534.035,785973.171,839.671,TR
735,3127537.248,785981.172,839.777,TR
736,3127533.429,785970.507,839.225,TR
737,3127533.456,785970.538,839.203,TR
738,3127536.398,785977.797,840.005,TR
739,3127536.005,785977.264,839.146,TR
740,3127530.625,785980.357,839.260,TR
741,3127529.610,785978.627,838.803,TR
742,3127532.781,785980.704,840.237,TR
743,3127528.147,785977.882,838.826,TR
744,3127536.228,785982.323,839.751,TR
745,3127537.869,785983.871,839.741,TR
746,3127539.336,785985.456,840.223,TR
747,3127523.453,785985.391,838.617,TR
748,3127523.056,785984.007,838.650,TR
749,3127523.204,785982.676,838.671,TR
750,3127523.128,785987.486,838.673,TR
751,3127523.101,785992.738,838.814,TR
752,3127513.432,785987.103,838.604,TR
753,3127513.921,785983.763,838.533,TR
754,3127513.204,785988.999,838.578,TR
755,3127513.977,785982.276,838.392,TR
756,3127512.750,785991.386,838.589,TR
757,3127504.432,785990.864,837.852,TR
758,3127503.578,785987.837,837.802,TR
759,3127501.299,785985.158,837.843,TR
760,3127503.403,785991.803,837.774,TR
761,3127515.180,785992.277,838.746,TR
762,3127522.150,785993.313,838.923,TR
763,3127522.239,785996.565,838.927,TR
MN2,3127553.835,785993.257,843.057,MN2
MN3,3127497.822,786010.073,839.452,MN3
800,3127493.495,786005.180,837.484,TRDS
801,3127493.759,786004.238,836.761,TRDS
802,3127495.115,786003.054,836.472,TRDS
803,3127496.717,786001.303,836.869,TRDS
804,3127497.895,785997.260,836.771,TRDS
805,3127497.549,785995.997,837.434,TRDS
806,3127492.145,785995.848,836.973,TRDS
807,3127492.262,785996.920,836.372,TRDS
808,3127491.677,786000.068,836.155,TRDS
809,3127490.370,786002.524,836.645,TRDS
810,3127489.936,786004.507,836.978,TRDS
811,3127489.432,786007.003,837.394,TRDS
812,3127481.603,786007.014,836.588,TRDS
813,3127481.357,786004.287,835.961,TRDS
814,3127480.480,786000.035,835.081,TRDS
815,3127479.475,785996.569,836.194,TRDS
816,3127479.420,785995.749,836.801,TRDS
817,3127475.472,786006.397,836.096,TRDS
818,3127479.410,785996.938,836.089,TRDS
819,3127475.243,785995.808,836.609,TRDS
820,3127474.556,786004.045,834.587,TRDS
821,3127473.052,786000.386,835.036,TRDS
822,3127472.355,785997.925,835.589,TRDS
823,3127461.381,786005.360,834.091,TRDS
824,3127461.100,785997.491,835.578,TRDS
825,3127461.694,786007.654,833.651,TRDS
826,3127461.251,785998.852,834.770,TRDS
827,3127461.703,786007.638,833.644,TRDS
828,3127461.522,786000.754,834.670,TRDS
829,3127461.680,786009.312,833.728,TRDS
830,3127449.532,786008.217,832.597,TRDS
831,3127448.990,785999.264,834.539,TRDS
832,3127448.780,786009.714,833.380,TRDS
833,3127448.943,786001.316,833.906,TRDS
834,3127436.166,786013.337,832.604,TRDS
835,3127436.290,786013.274,832.635,TRDS
836,3127435.876,786012.089,831.826,TRDS
837,3127436.319,786000.257,833.466,TRDS
838,3127435.683,786009.128,831.916,TRDS
839,3127436.583,786001.273,833.521,TRDS
840,3127435.475,786007.825,831.744,TRDS
841,3127436.452,786001.184,833.514,TRDS
842,3127436.090,786003.154,832.851,TRDS
843,3127512.962,785999.863,838.665,TRUS
844,3127512.157,786002.995,838.212,TRUS
845,3127511.963,786007.091,837.780,TRUS
846,3127512.332,786009.098,837.645,TRUS
847,3127511.469,786010.058,838.540,TRUS
848,3127511.333,786012.227,839.026,TRUS
849,3127519.715,786020.078,840.336,TRUS
850,3127526.896,786007.946,839.713,TRUS
851,3127521.656,786017.575,839.350,TRUS
852,3127526.549,786009.243,838.871,TRUS
853,3127523.361,786014.526,838.862,TRUS
854,3127524.742,786012.188,838.727,TRUS
855,3127529.704,786024.861,841.643,TRUS
856,3127531.763,786022.899,840.404,TRUS
857,3127538.092,786011.202,841.408,TRUS
858,3127532.837,786022.000,840.200,TRUS
859,3127537.280,786013.655,840.998,TRUS
860,3127534.555,786018.820,840.154,TRUS
861,3127536.315,786015.899,840.121,TRUS
862,3127535.461,786017.192,839.886,TRUS
863,3127537.561,786031.341,842.147,TRUS
864,3127552.024,786015.553,843.396,TRUS
865,3127538.501,786029.738,841.492,TRUS
866,3127551.129,786017.266,842.698,TRUS
867,3127539.837,786027.699,840.805,TRUS
868,3127550.716,786018.227,841.848,TRUS
869,3127543.599,786024.676,841.788,TRUS
870,3127546.109,786022.588,842.464,TRUS
871,3127547.711,786020.047,842.064,TRUS
872,3127546.531,786021.302,841.646,TRUS
873,3127557.096,786029.045,844.487,TRUS
874,3127557.357,786031.736,844.509,TRUS
875,3127563.303,786019.830,845.094,TRUS
876,3127555.632,786036.299,844.468,TRUS
877,3127559.659,786025.302,844.645,TRUS
878,3127553.390,786042.544,845.040,TRUS
879,3127566.942,786048.248,846.746,TRUS
880,3127573.876,786023.278,846.544,TRUS
881,3127568.981,786039.346,845.783,TRUS
882,3127571.904,786034.628,845.414,TRUS
883,3127572.916,786029.771,846.080,TRUS
884,3127572.495,786032.871,845.894,TRUS
885,3127583.479,786051.879,849.557,TRUS
886,3127581.520,786057.203,849.418,TRUS
887,3127587.048,786043.256,849.830,TRUS
888,3127589.030,786034.463,848.937,TRUS
889,3127588.746,786032.374,848.158,TRUS
890,3127605.394,786050.463,851.931,TRUS
891,3127608.680,786047.366,851.569,TRUS
892,3127609.619,786044.851,851.398,TRUS
893,3127608.153,786042.448,852.976,TRUS
894,3127618.853,786058.687,854.364,TRUS
895,3127620.622,786057.194,854.032,TRUS
896,3127621.886,786055.798,854.974,TRUS
897,3127610.026,786065.615,854.054,TRUS
898,3127605.109,786068.464,854.626,TRUS
899,3127581.977,786057.363,849.470,TRUS
900,3127582.204,786058.591,849.844,TRUS
901,3127571.813,786021.724,846.404,TRUS
902,3127572.400,786020.901,847.061,TRUS
