100,,,,S1
S8,27759.983,86120.365,882.500,S
101,27789.942,86180.351,891.338,OS
102,27788.661,86182.437,890.194,OS
103,27787.569,86183.907,889.830,OS
104,27785.040,86185.948,889.896,OS
105,27782.975,86187.401,890.570,OS
106,27781.287,86183.107,888.758,OS
107,27783.204,86180.821,888.468,OS
108,27784.579,86179.636,889.085,OS
109,27792.175,86174.366,892.089,GP
110,27792.888,86174.123,891.706,GP
111,27796.027,86173.207,891.635,GP
112,27797.768,86173.220,892.169,GP
113,27796.153,86180.766,892.930,GP
114,27795.173,86182.329,893.736,GP
115,27792.126,86182.633,893.123,GP
116,27800.886,86185.830,893.808,GP
117,27802.662,86175.113,892.951,GP
118,27801.578,86174.574,892.856,GP
119,27807.510,86169.837,892.262,GP
120,27807.526,86165.681,892.314,GP
121,27794.900,86165.341,891.005,GP
122,27793.688,86169.061,891.152,GP
123,27787.783,86167.651,890.615,GP
124,27789.868,86163.497,890.199,GP
125,27786.850,86159.358,889.154,GP
126,27782.069,86160.070,889.129,GP
127,27783.036,86150.821,887.866,GP
128,27786.806,86152.488,887.842,GP
129,27792.701,86144.926,886.764,GP
130,27789.793,86143.020,886.641,GP
131,27782.984,86144.290,887.319,GP
132,27779.612,86147.203,887.589,GP
133,27777.926,86151.453,887.854,GP
134,27778.455,86155.451,888.272,GP
135,27781.033,86161.958,889.051,GP
136,27786.919,86170.202,890.711,GP
S7,27681.204,86062.115,863.953,S
137,27757.799,86123.213,882.217,DL
138,27756.208,86124.961,881.712,DL
139,27754.122,86127.088,880.367,DL
140,27751.860,86129.248,880.388,DL
141,27750.253,86130.809,880.306,DL
142,27748.195,86133.096,880.426,DL
143,27745.990,86135.388,880.569,DL
144,27744.390,86137.289,880.363,DL
145,27742.159,86134.642,879.823,DP
146,27744.016,86131.898,880.045,DP
147,27745.409,86129.678,879.508,DP
148,27746.044,86129.122,878.623,DP
149,27747.343,86127.582,878.722,DP
150,27748.552,86126.615,877.607,DP
151,27749.727,86125.808,876.519,DP.C
152,27750.347,86124.655,878.004,DP.C
153,27751.246,86122.969,878.489,DP.C
154,27751.993,86118.591,879.929,DP
155,27753.205,86115.902,879.597,DP
156,27738.480,86130.212,877.507,DP.10
157,27740.629,86127.410,877.744,DP.10
158,27742.090,86125.829,877.683,DP.10
159,27743.067,86124.139,876.702,DP.10
160,27742.245,86125.708,877.190,DP.10
161,27743.605,86123.332,876.783,DP.10
162,27744.287,86122.192,875.898,DP.10.C
163,27745.686,86120.320,877.788,DP.10
164,27747.320,86117.148,878.831,DP.10
165,27749.056,86114.008,878.578,DP.10
166,27743.754,86108.804,878.130,DP.15
167,27742.025,86110.947,878.288,DP.15
168,27740.001,86113.475,877.655,DP.15
169,27739.575,86116.866,875.701,DP.15
170,27737.941,86118.004,875.479,DP.15.C
171,27735.140,86120.783,875.218,DP.15
172,27732.644,86123.071,874.918,DP.15
173,27731.583,86124.258,875.503,DP.15
174,27734.379,86123.661,875.218,DGP
175,27736.222,86122.025,875.366,DGP
176,27739.004,86122.287,875.858,DGP
177,27741.577,86122.966,875.805,DGP
178,27743.019,86123.440,876.414,DGP
179,27745.940,86126.935,877.433,DGP
180,27746.326,86129.134,878.576,DGP
181,27757.274,86119.103,881.692,DGP
182,27754.636,86117.693,880.613,DGP
183,27750.355,86117.545,879.617,DGP
184,27747.211,86112.437,878.088,DGP
185,27746.234,86117.464,878.280,DGP
186,27751.238,86135.024,881.601,UDP.5
187,27758.257,86126.562,881.684,UDP.5
188,27753.507,86132.762,880.583,UDP.5
189,27760.779,86123.389,882.929,UDP.5
190,27754.623,86131.444,880.412,UDP.5.C
191,27756.039,86130.022,880.684,UDP.5
192,27766.754,86123.327,883.590,UDP.5
193,27764.301,86127.917,883.734,UDP.10
194,27758.418,86134.991,881.109,UDP.10.C
195,27755.604,86137.161,881.153,UDP.10
196,27754.429,86139.072,882.277,UDP.10
197,27760.071,86133.556,881.260,UDP.10
198,27762.083,86130.725,881.319,UDP.10
199,27772.797,86128.187,884.597,UDP.15
200,27768.481,86132.852,884.625,UDP.15
201,27757.115,86142.371,882.848,UDP.15
202,27757.666,86142.182,881.606,UDP.15
203,27759.274,86141.086,881.691,UDP.15
204,27760.739,86140.127,881.750,UDP.15.C
205,27763.838,86136.128,881.470,UDP.15
206,27765.009,86133.531,881.038,UDP.15
207,27761.686,86146.730,882.622,US.10
208,27760.412,86147.510,882.457,US.10
209,27759.886,86147.330,883.606,US.10
210,27759.471,86147.755,884.398,US.10
211,27763.705,86145.376,883.169,US.10
212,27766.064,86144.814,882.513,US.10
213,27767.139,86144.428,882.620,US.10
214,27767.706,86144.322,883.414,US.10
215,27769.545,86144.300,884.608,US.10
216,27757.100,86125.659,881.639,DGP
217,27757.027,86126.350,880.846,DGP
218,27755.851,86127.079,880.267,DGP
219,27755.971,86128.769,880.616,DGP
220,27754.651,86129.105,880.281,DGP
221,27753.260,86130.772,880.334,DGP
222,27752.665,86131.880,880.388,DGP
223,27753.098,86133.066,880.662,DGP
224,27755.037,86132.577,880.537,DGP
225,27755.825,86131.596,880.405,DGP
226,27757.140,86130.029,880.869,DGP
227,27755.773,86133.345,880.658,DGP
228,27753.846,86134.852,880.891,DGP
229,27755.814,86136.354,880.775,DGP
230,27754.390,86137.382,881.630,DGP
231,27759.687,86135.611,881.584,DGP
232,27761.252,86153.997,884.277,US.20
233,27762.512,86153.258,885.060,US.20
234,27763.087,86152.837,884.361,US.20
235,27764.450,86152.434,883.398,US.20
236,27765.638,86151.602,883.305,US.20
237,27766.872,86151.084,883.219,US.20
238,27767.729,86150.155,883.336,US.20
239,27768.281,86148.745,884.747,US.20
240,27766.270,86156.774,884.363,US.30
241,27765.187,86157.290,885.178,US.30
242,27764.064,86157.850,885.771,US.30
243,27768.996,86157.083,884.500,US.30
244,27770.881,86155.755,885.427,US.30
245,27772.014,86155.102,886.044,US.30
246,27766.116,86165.970,886.608,US.40
247,27768.303,86165.134,885.854,US.40
248,27771.515,86164.587,885.626,US.40
249,27773.648,86163.606,885.603,US.40
250,27772.904,86162.092,885.598,US.40
251,27774.420,86160.991,886.356,US.40
252,27779.105,86157.612,888.577,US.40
253,27767.944,86169.090,886.086,US.50
254,27769.577,86168.142,885.862,US.50
255,27771.732,86166.362,886.067,US.50
256,27773.587,86166.082,885.883,US.50
257,27775.733,86163.549,886.531,US.50
258,27777.143,86162.931,886.888,US.50
259,27735.646,86114.263,874.701,DS.10
260,27733.874,86116.929,874.572,DS.10
261,27732.124,86119.772,874.432,DS.10
262,27731.172,86122.772,874.715,DS.10
263,27729.823,86124.492,875.403,DS.10
264,27721.115,86124.903,873.732,DS.10
265,27717.151,86119.923,873.759,DS.20
266,27718.389,86118.895,873.658,DS.20
267,27718.450,86118.983,873.074,DS.20
268,27720.498,86116.916,872.994,DS.20
269,27723.525,86113.825,873.081,DS.20
270,27725.912,86111.012,873.233,DS.20
271,27728.139,86109.081,873.573,DS.20
272,27728.647,86108.598,874.299,DS.20
273,27730.450,86105.698,875.246,DS.20
274,27715.959,86115.375,872.101,DS.30
275,27719.631,86112.135,871.628,DS.30
276,27723.297,86108.699,872.720,DS.30
277,27725.817,86106.313,872.822,DS.30
278,27711.763,86107.605,869.913,DS.40
279,27713.368,86104.836,869.408,DS.40
280,27715.567,86101.884,870.656,DS.40
281,27717.656,86099.758,871.451,DS.40
282,27719.396,86097.710,872.963,DS.40
283,27755.255,86119.353,881.131,CN
284,27757.226,86120.079,881.785,CN
285,27753.745,86118.593,880.076,CN
286,27757.200,86114.363,878.860,CN
287,27754.564,86114.454,878.696,CN
288,27758.766,86111.051,878.674,CN
289,27753.250,86109.961,877.924,CN
290,27755.328,86107.757,877.829,CN
291,27751.807,86111.482,878.063,CN
292,27750.266,86104.647,877.323,CN
293,27747.703,86105.277,877.412,CN
294,27753.048,86103.625,877.119,CN
295,27750.769,86098.984,876.650,CN
296,27748.794,86098.440,876.614,CN
297,27752.684,86099.387,876.682,CN
298,27753.023,86094.290,876.139,CN
299,27751.397,86093.148,876.126,CN
300,27754.258,86095.167,876.162,CN
301,27756.633,86090.182,875.758,CN
302,27755.107,86088.747,875.721,CN
303,27758.163,86091.850,875.662,CN
304,27760.751,86086.921,875.349,CN
305,27759.110,86085.921,875.384,CN
306,27762.026,86088.950,875.395,CN
307,27763.745,86082.732,875.019,CN
308,27764.740,86084.482,875.042,CN
309,27765.697,86086.422,875.412,CN
310,27767.555,86082.945,874.899,CN
311,27766.775,86081.371,874.947,CN
312,27768.607,86084.591,874.954,CN
313,27770.773,86079.837,874.522,CN
314,27771.535,86081.329,874.543,CN
315,27772.385,86082.914,874.545,CN
316,27773.789,86077.557,874.197,CN
317,27774.709,86079.458,874.159,CN
318,27775.447,86081.269,874.325,CN
319,27775.015,86074.587,873.586,CN
320,27777.181,86076.473,873.526,CN
321,27778.148,86078.994,873.559,CN
S6,27801.635,86069.251,875.223,S
322,27663.023,86030.321,869.240,DS50
323,27662.045,86030.813,868.558,DS50
324,27661.399,86031.093,867.617,DS50
325,27659.531,86031.599,866.966,DS50.C
326,27658.627,86032.305,867.088,DS50.C
327,27657.577,86032.241,867.064,DS50
328,27655.975,86033.118,867.996,DS50
329,27654.476,86033.792,868.530,DS50
330,27652.323,86035.049,868.686,DS50
331,27650.830,86035.790,869.877,DS50
332,27657.678,86049.989,866.901,DS60
333,27659.007,86049.099,865.387,DS60
334,27660.624,86048.510,865.175,DS60
335,27662.134,86047.583,864.582,DS60
336,27665.497,86045.754,865.140,DS60
337,27670.983,86042.301,865.655,DS60
338,27675.601,86038.894,867.320,DS60
339,27665.248,86070.643,863.355,DS70
340,27668.050,86067.918,863.093,DS70
341,27670.486,86065.239,862.815,DS70.C
342,27674.618,86062.567,862.791,DS70
343,27681.336,86060.092,863.983,DS70
344,27686.567,86059.884,864.055,DS70
345,27693.840,86076.650,859.250,DS90
346,27692.402,86078.034,858.916,DS90
347,27687.959,86079.703,858.724,DS90.C
348,27694.621,86075.277,859.889,DS90
349,27686.073,86080.732,858.931,DS90
350,27684.006,86083.038,859.388,DS90
351,27681.542,86085.482,859.132,DS90
352,27702.047,86100.623,854.883,DS100.C
353,27700.203,86101.917,855.423,DS100
354,27697.703,86103.711,854.738,DS100
355,27696.578,86104.406,855.458,DS100
356,27695.133,86105.333,855.705,DS100
357,27706.268,86098.846,854.706,DS100
358,27710.366,86097.206,855.019,DS100
359,27713.459,86094.976,855.593,DS100
360,27713.410,86093.961,856.146,DS100
361,27606.707,86061.259,870.651,CN
362,27606.685,86063.327,870.654,CN
363,27607.229,86059.046,870.831,CN
364,27612.222,86061.747,870.079,CN
365,27612.729,86064.534,869.844,CN
366,27613.452,86060.013,870.109,CN
367,27618.691,86062.977,869.273,CN
368,27618.947,86065.698,869.199,CN
369,27619.015,86061.116,869.376,CN
370,27631.229,86065.284,867.974,CN
371,27630.902,86063.055,868.369,CN
372,27630.910,86067.449,868.242,CN
373,27649.515,86071.488,864.991,CN
374,27652.155,86070.647,865.076,CN
375,27647.035,86072.422,864.995,CN
376,27651.830,86075.733,864.474,CN
377,27650.255,86076.444,864.509,CN
378,27654.662,86074.559,864.633,CN
379,27653.193,86078.921,864.182,CN
380,27651.597,86079.446,864.149,CN
381,27655.278,86078.057,864.335,CN
382,27653.233,86082.965,863.529,CN
383,27655.483,86081.512,863.956,CN
384,27651.543,86082.992,863.663,CN
385,27654.123,86085.190,863.385,CN
386,27652.315,86087.914,862.921,CN
387,27655.620,86085.419,863.227,CN
388,27653.994,86090.397,862.552,CN
389,27656.413,86091.568,862.447,CN
390,27652.103,86091.632,862.419,CN
391,27652.737,86095.341,862.017,CN
392,27651.833,86093.426,862.198,CN
393,27654.447,86095.946,862.197,CN
394,27650.698,86093.917,862.185,CN
395,27649.413,86098.900,861.440,CN
396,27647.624,86097.472,861.684,CN
397,27651.591,86101.271,861.715,CN
398,27645.352,86103.606,860.944,CN
399,27643.417,86102.056,861.024,CN
400,27646.974,86105.498,860.976,CN
401,27640.965,86107.419,859.893,CN
402,27639.271,86105.774,860.250,CN
403,27643.487,86110.013,860.189,CN
404,27637.643,86110.086,859.191,CN
405,27639.495,86111.567,859.451,CN
406,27636.542,86107.073,859.911,CN
407,27650.009,86083.635,863.802,CGP
408,27649.460,86079.705,864.290,CGP
409,27645.733,86079.332,864.304,CGP
410,27646.592,86074.581,864.759,CGP
411,27645.016,86073.345,865.705,CGP
412,27646.083,86062.009,866.772,CGP
413,27635.071,86072.955,867.078,CGP
414,27633.320,86075.729,866.708,CGP
415,27631.762,86079.872,866.504,CGP
416,27633.106,86083.145,865.430,CGP
417,27634.027,86083.632,864.464,CGP
418,27638.087,86081.353,864.414,CGP
419,27640.202,86080.284,864.217,CGP
420,27641.635,86082.959,863.799,CGP
421,27645.599,86089.641,863.699,CGP
422,27641.431,86091.939,863.747,CGP
423,27642.370,86097.049,864.185,CGP
424,27645.704,86096.111,862.656,CGP
425,27646.639,86097.513,861.765,CGP
426,27647.884,86076.975,864.458,FB
427,27649.921,86081.641,864.088,FB
428,27650.820,86085.572,863.399,FB
429,27651.532,86089.275,862.677,FB
430,27650.980,86092.354,862.546,FB
431,27649.241,86094.346,862.417,FB
432,27646.350,86096.816,862.671,FB
433,27643.095,86100.116,862.525,FB
434,27638.794,86103.630,862.226,FB
435,27636.544,86105.342,861.461,FB
436,27637.016,86103.667,862.527,FB
437,27636.066,86104.407,862.368,FB
438,27635.432,86103.043,863.497,FB
439,27639.137,86100.668,863.619,FB
440,27640.422,86100.259,863.221,FB
441,27640.659,86098.764,863.982,FB
442,27641.954,86098.394,863.638,FB
443,27641.890,86096.845,864.339,FB
444,27641.150,86093.081,863.781,FB
445,27639.915,86088.772,863.727,FB
446,27642.864,86091.441,863.568,FBPC
447,27644.240,86094.611,863.406,FBPC
448,27644.587,86094.922,862.891,FBPC
449,27649.896,86091.397,863.463,FBPC
450,27650.364,86091.618,862.818,FBPC
451,27648.007,86088.442,863.488,FBPC
452,27648.164,86088.500,863.014,FBPC
453,27647.484,86091.213,863.771,T
454,27646.230,86092.227,863.783,T
455,27640.309,86095.177,863.867,HC
456,27637.322,86090.230,863.788,HC
457,27645.120,86075.703,864.754,FB
458,27643.198,86078.380,864.160,FB
459,27639.734,86080.862,864.164,FB
460,27634.854,86084.372,864.034,FB
461,27630.590,86086.589,864.094,FB
462,27631.963,86088.958,863.943,FBGP
463,27638.970,86087.610,863.803,FBGP
464,27642.811,86085.408,863.814,FBGP
2000,,,,S6
S5,27744.395,85957.019,852.782,S
465,27704.979,86026.647,861.994,CL
466,27704.483,86025.970,861.115,CL
467,27702.053,86023.134,861.180,CL
468,27701.884,86022.918,860.560,CL
469,27698.565,86019.630,860.642,CL
470,27696.542,86019.955,859.413,CL
471,27692.561,86017.268,859.499,CL
472,27689.150,86020.546,859.395,CL
473,27688.827,86020.207,857.949,CL
474,27691.791,86012.832,858.559,CL
475,27690.074,86013.220,857.633,CL
476,27692.579,86003.674,857.678,CL
477,27692.571,86002.365,857.089,CL
478,27691.804,85998.353,857.117,CL
479,27695.421,85997.805,856.625,CL
480,27697.646,85994.888,856.590,CL
481,27695.978,85993.736,855.685,CL
482,27707.570,85991.211,855.744,CL
483,27728.565,86021.039,864.136,FB
484,27732.539,86019.818,864.254,FB
485,27739.654,86019.193,864.262,FB
486,27757.349,86019.993,864.469,FB
487,27777.098,86020.186,864.451,FB
488,27777.670,86023.036,864.707,FC
489,27797.530,86023.668,864.326,FC
490,27798.256,86021.174,864.611,FB
491,27785.896,86020.112,864.436,FB
492,27777.292,86029.182,864.422,FC
493,27726.781,86026.701,863.958,FBBC
494,27729.291,86031.825,863.873,FBBC
S2,27802.373,86130.233,885.664,S
495,27800.763,86043.804,869.123,FB
496,27800.362,86047.662,868.933,FB
497,27800.545,86049.614,869.783,FB
498,27800.691,86052.523,870.471,FB
499,27800.340,86055.687,872.163,FB
500,27800.744,86058.525,872.883,FB
501,27798.706,86061.775,872.652,FB
502,27794.381,86065.125,872.466,FB
503,27791.777,86067.205,872.352,FB
504,27788.718,86067.677,871.520,FB
505,27785.058,86066.089,872.490,FB
506,27782.316,86065.491,872.528,FB
507,27779.917,86064.737,872.680,FB
508,27774.983,86064.405,872.496,CN
509,27773.938,86066.254,872.518,CN
510,27769.389,86063.614,872.323,CN
511,27769.324,86065.121,872.257,CN
512,27768.578,86066.397,872.234,CN
513,27763.537,86062.632,871.701,CN
514,27763.003,86064.608,871.580,CN
515,27757.526,86061.604,871.009,CN
516,27757.343,86063.886,871.057,CN
517,27756.605,86065.701,871.088,CN
518,27750.337,86060.439,870.187,CN
519,27749.590,86062.571,870.188,CN
520,27748.798,86065.132,870.275,CN
521,27783.821,86063.174,872.105,FBGP
522,27780.553,86061.796,872.212,FBGP
523,27780.845,86058.791,871.173,FBGP
524,27782.795,86056.143,870.371,FBGP
525,27782.354,86052.178,869.649,FBGP
526,27786.073,86049.743,870.336,FBGP
527,27783.553,86048.296,869.359,FBGP
528,27780.591,86042.306,869.089,FBGP
529,27787.113,86042.466,868.819,FBGP
530,27776.292,86039.691,867.378,FBGP
531,27773.871,86044.023,868.245,FBGP
532,27763.691,86024.012,864.132,FBGP
533,27767.756,86026.037,864.115,FBGP
534,27767.461,86031.632,864.000,FBGP
535,27769.611,86033.485,864.003,FBGP
536,27797.682,86068.772,874.423,GP
537,27799.596,86072.807,875.280,GP
538,27784.261,86088.271,876.666,GP
539,27796.507,86094.468,876.666,GP
540,27803.543,86097.478,879.591,GP
541,27783.901,86105.432,880.691,GP
542,27780.122,86104.970,881.225,GP
543,27802.543,86117.460,882.335,GP
544,27807.214,86123.830,883.673,GP
545,27793.614,86117.760,883.137,GP
546,27790.965,86115.796,883.713,GP
547,27775.340,86093.327,877.522,GP
548,27804.728,86062.018,875.143,GP
549,27809.254,86055.994,875.166,GP
550,27758.102,86008.233,863.906,FBGP
551,27758.610,86004.557,866.255,FBGP
552,27755.878,86001.199,866.686,FBGP
553,27759.476,85998.805,867.337,FBGP
554,27761.947,86008.703,865.582,FBGP
555,27771.901,86007.462,866.823,FBGP
556,27774.197,86017.137,865.543,FBGP
557,27772.214,86020.337,864.086,FBGP
558,27749.870,86021.841,864.401,FBGP
559,27735.736,86012.734,860.408,PS
560,27739.531,86011.459,860.640,PS
561,27744.339,86009.562,860.729,PS
562,27749.054,86008.423,860.584,PS
563,27732.219,86012.221,859.481,PS
564,27727.198,86012.092,859.042,PS
565,27732.429,86002.220,861.192,PS
566,27730.192,86003.116,859.681,PS
567,27727.298,86004.146,857.682,PS
568,27724.411,86004.819,857.597,PS
569,27737.423,86001.366,860.294,PS
570,27742.046,86001.469,860.329,PS
571,27746.547,86001.464,860.359,PS
572,27722.262,86001.233,857.002,PS
573,27724.305,86001.083,856.900,PS
574,27719.636,85995.744,855.935,PS
575,27722.590,85994.996,855.930,PS
576,27728.752,85992.473,857.066,PS
577,27719.089,85983.540,854.421,PS
578,27713.640,85987.492,854.193,PS
579,27723.886,85982.641,856.108,PS
580,27711.835,85982.316,853.774,PS
581,27716.842,85980.483,854.043,PS
582,27719.800,85979.206,853.999,PS
S4,27748.583,86020.234,864.686,S
583,27714.678,85970.610,852.887,PS
584,27717.781,85969.512,852.825,PS
585,27721.162,85968.484,852.958,PS
586,27725.237,85967.361,852.798,PS
587,27711.700,85971.891,853.046,PS
588,27709.814,85971.689,853.274,PS
589,27709.353,85971.727,852.285,PS
590,27707.765,85972.648,852.368,PS
591,27710.156,85963.716,852.168,PS
592,27713.814,85963.726,851.946,PS
593,27717.220,85963.489,851.991,PS
594,27721.231,85963.258,852.319,PS
595,27724.768,85962.731,852.415,PS
596,27708.505,85964.966,851.047,PS
597,27715.931,85956.940,851.055,PS
598,27720.188,85956.880,851.261,PS
599,27724.048,85957.055,852.036,PS
600,27714.087,85957.429,851.256,PS
601,27710.555,85957.841,850.986,PS
602,27715.447,85950.984,850.373,PS
603,27718.842,85951.397,850.278,PS
604,27721.586,85951.928,850.818,PS
605,27711.872,85951.786,850.141,PS
606,27707.825,85952.313,850.730,PS
607,27712.597,85943.446,848.925,PS
608,27715.347,85943.364,849.298,PS
609,27718.098,85944.182,849.433,PS
610,27721.457,85944.951,849.646,PS
611,27707.596,85943.252,849.385,PS
612,27705.981,85938.579,847.079,PS
613,27712.380,85935.409,848.320,PS
614,27717.935,85936.761,848.775,PS
615,27721.749,85938.991,848.972,PS
616,27708.706,85930.354,847.176,PS
617,27705.910,85927.700,846.497,PS
618,27710.480,85925.485,847.560,PS
619,27714.443,85927.492,847.021,PS
620,27719.335,85929.304,848.053,PS
621,27706.427,85921.080,845.907,PS
622,27722.175,85930.028,847.966,PS
623,27707.900,85918.092,846.284,PS
624,27711.197,85917.672,845.968,PS
625,27718.603,85915.189,845.870,PS
626,27722.229,85915.366,846.296,PS
627,27703.217,85918.233,845.047,PS
628,27697.949,85919.640,844.385,PS
629,27705.545,85907.744,844.728,PS
630,27708.568,85906.252,844.720,PS
631,27713.491,85903.259,844.726,PS
632,27700.053,85910.313,844.636,PS
633,27695.995,85911.955,844.281,PS
634,27705.288,85906.242,843.923,BC
635,27700.144,85908.689,843.909,BC
636,27697.833,85902.264,843.496,BC
637,27703.494,85900.444,843.285,BC
638,27711.282,85905.696,844.650,PH
639,27714.212,85903.248,844.869,PH
640,27717.720,85901.509,844.982,PH
641,27720.060,85900.860,844.829,PH
642,27703.483,85908.992,844.801,PH
643,27723.856,85900.016,845.214,PH
644,27727.890,85898.853,845.059,PH
645,27696.322,85912.954,844.516,PH
646,27728.387,85894.583,845.144,PH
647,27689.354,85916.462,844.498,PH
648,27727.790,85886.304,845.631,PH
649,27725.390,85883.173,844.942,PH
650,27687.728,85917.435,845.289,PH
651,27720.584,85880.358,844.939,PH
652,27713.356,85874.676,844.840,PH
653,27684.807,85912.371,844.275,PH
654,27705.502,85869.173,844.613,PH
655,27702.600,85871.599,844.574,PH
656,27681.239,85908.877,843.349,PH
657,27696.669,85875.330,844.077,PH
658,27679.603,85904.552,842.481,PH
659,27693.244,85877.504,843.854,PH
660,27679.895,85901.659,842.916,PH
661,27688.298,85880.846,843.426,PH
662,27678.260,85892.155,843.445,PH
663,27684.796,85884.415,842.336,PH
664,27677.142,85883.304,841.994,PH
665,27671.131,85884.273,842.287,PH
666,27671.126,85884.313,842.255,PH
667,27672.900,85868.070,842.800,PH
668,27676.008,85856.863,842.531,PH
669,27681.265,85850.115,843.935,PH
670,27686.640,85845.082,844.257,PH
671,27700.683,85850.257,845.124,PH
672,27709.511,85857.879,845.309,PH
673,27717.361,85865.083,845.492,PH
674,27704.246,85866.698,844.717,PH.P
675,27729.539,85895.281,845.015,PH.P
676,27699.104,85886.719,843.778,PH.BC
677,27699.639,85889.488,843.626,PH.BC
678,27696.258,85890.439,843.692,PH.BC
679,27722.124,85897.239,845.055,PH.GC
680,27723.999,85907.673,845.639,PH.GC
681,27720.061,85911.048,845.918,PH.GC
682,27717.323,85912.846,845.971,PH.GC
683,27708.097,85918.308,846.145,PH.GC
684,27705.891,85912.584,844.630,PH.GC
685,27710.760,85907.191,844.729,PH.GC
686,27710.138,85898.322,843.977,PH.GC
687,27708.494,85889.336,844.227,PH.GC
688,27695.880,85892.433,843.457,PH.GC
689,27707.562,85889.194,844.084,PH.GC
690,27689.342,85898.259,842.814,PH.GC
691,27685.153,85903.109,842.930,PH.GC
692,27691.620,85908.633,843.778,PH.GC
693,27698.399,85885.690,844.278,P
694,27697.408,85883.099,843.336,P
695,27697.487,85880.439,843.425,P
696,27697.540,85877.279,843.996,P
697,27680.947,85884.037,841.800,TR
698,27680.912,85887.579,842.204,TR
699,27681.059,85889.248,842.173,TR
700,27680.273,85882.026,841.584,TR
701,27680.814,85880.201,841.635,TR
702,27675.329,85884.226,841.846,TR
703,27676.104,85881.637,841.565,TR
704,27676.706,85879.696,841.456,TR
705,27677.004,85878.937,841.448,TR
706,27675.721,85886.494,842.111,TR
707,27676.030,85890.420,842.054,TR
708,27671.281,85883.660,841.979,TR
709,27671.323,85887.772,841.784,TR
710,27671.384,85891.821,841.904,TR
711,27671.473,85881.104,841.355,TR
712,27672.058,85876.965,841.320,TR
713,27665.267,85884.366,841.572,TR
714,27665.102,85888.291,841.541,TR
715,27665.127,85892.518,841.653,TR
716,27666.711,85879.722,841.233,TR
717,27666.718,85877.792,840.948,TR
718,27660.754,85881.316,841.242,TR
719,27661.314,85886.938,841.644,TR
720,27661.135,85892.587,841.482,TR
721,27664.116,85873.949,840.936,TR
722,27664.646,85869.304,840.906,TR
723,27654.993,85882.844,841.120,TR
724,27656.338,85890.118,840.912,TR
725,27657.166,85896.480,841.263,TR
726,27655.616,85875.889,841.058,TR
727,27655.002,85869.192,840.113,TR
728,27651.033,85885.115,840.327,TR
729,27652.386,85891.388,840.269,TR
730,27652.764,85894.833,841.167,TR
731,27651.391,85877.694,840.555,TR
732,27651.079,85875.720,840.595,TR
733,27636.375,85887.329,839.972,TR
734,27638.178,85892.286,840.147,TR
735,27639.953,85896.622,840.455,TR
736,27634.952,85884.597,839.986,TR
737,27634.372,85880.361,840.064,TR
738,27626.836,85899.420,839.468,TR
739,27626.856,85904.023,839.545,TR
740,27621.258,85904.401,838.556,TR
741,27628.304,85906.696,839.110,TR
742,27628.475,85884.781,839.572,TR
743,27625.911,85893.453,839.441,TR
744,27618.367,85900.383,839.070,TR
745,27618.794,85904.122,839.107,TR
746,27620.733,85907.527,838.979,TR
747,27618.415,85896.232,838.852,TR
748,27619.598,85892.579,838.951,TR
749,27614.578,85922.054,841.168,TR
750,27618.112,85925.251,842.164,TR
751,27620.551,85927.693,842.230,TR
752,27615.569,85918.231,841.268,TR
753,27613.372,85915.278,840.561,TR
754,27600.337,85929.758,841.259,OF1
755,27614.415,85939.768,843.162,OF2
756,27601.130,85932.793,841.186,TR
757,27601.596,85934.673,841.364,TR
758,27598.904,85926.633,840.286,TR
759,27597.521,85922.760,839.939,TR
760,27589.999,85934.465,840.649,TR
761,27590.864,85936.882,840.921,TR
762,27591.025,85930.841,840.444,TR
763,27591.801,85928.657,840.249,TR
764,27576.692,85930.407,838.924,TR
765,27578.066,85928.056,840.215,TR
766,27579.151,85926.557,838.608,TR
767,27565.677,85928.957,837.538,DS.1
768,27566.862,85926.501,837.251,DS.1
769,27567.745,85924.610,837.633,DS.1
770,27564.338,85931.389,837.037,DS.1
771,27555.719,85923.739,836.336,DS.1
772,27556.885,85920.880,836.276,DS.1
773,27557.281,85919.036,836.716,DS.1
774,27553.813,85925.431,836.326,DS.1
775,27552.763,85927.956,837.165,DS.1
776,27541.380,85920.762,834.777,DS.1
777,27542.109,85923.482,835.631,DS.1
778,27542.076,85925.168,836.232,DS.1
779,27541.499,85916.832,835.286,DS.1
780,27541.368,85915.384,836.411,DS.1
781,27523.752,85914.725,834.350,DS.1
782,27523.060,85918.336,833.898,DS.1
783,27522.716,85920.537,833.310,DS.1
784,27521.630,85924.399,833.782,DS.1
785,27520.529,85925.624,836.018,DS.1
786,27505.478,85922.843,833.788,DS.1
787,27506.089,85918.499,833.138,DS.1
788,27506.558,85916.637,832.116,DS.1
789,27506.953,85913.974,832.968,DS.1
790,27507.532,85910.744,832.951,DS.1
791,27487.522,85907.347,831.832,DS.1
792,27488.134,85910.880,831.551,DS.1
793,27487.981,85915.125,830.743,DS.1
794,27487.635,85917.635,831.589,DS.1
795,27487.078,85918.828,832.356,DS.1
796,27469.615,85915.270,830.660,DS.1
797,27469.900,85911.467,830.501,DS.1
798,27471.515,85908.688,829.936,DS.1
799,27473.399,85906.750,830.512,DS.1
800,27475.041,85904.152,830.823,DS.1
801,27453.658,85896.590,829.934,DS.1
802,27453.730,85898.531,829.201,DS.1
803,27453.382,85901.772,828.627,DS.1
804,27453.249,85904.792,829.195,DS.1
805,27452.327,85907.920,829.533,DS.1
806,27561.052,85925.774,836.786,OSF3
OF2,27614.182,85939.707,843.042,S
807,27569.438,85936.431,836.917,US.1
808,27570.091,85935.006,837.270,US.1
809,27571.318,85933.183,838.088,US.1
810,27572.583,85931.183,837.847,US.1
811,27579.525,85942.499,837.977,US.1
812,27580.660,85940.624,838.360,US.1
813,27582.180,85938.942,838.868,US.1
814,27578.281,85944.420,838.819,US.1
815,27576.397,85946.111,838.944,US.1
816,27585.527,85959.660,840.454,US.1
817,27587.706,85957.879,839.986,US.1
818,27590.511,85955.078,840.018,US.1
819,27592.228,85952.343,839.535,US.1
820,27593.699,85949.534,840.470,US.1
821,27610.360,85959.773,842.894,US.1
822,27605.930,85964.002,842.789,US.1
823,27602.665,85966.582,842.839,US.1
824,27599.297,85969.547,842.751,US.1
825,27596.556,85971.561,842.620,US.1
826,27610.446,85988.646,845.632,US.1
827,27612.359,85984.670,844.865,US.1
828,27615.993,85979.065,845.335,US.1
829,27617.194,85976.027,844.688,US.1
830,27618.950,85972.770,845.180,US.1
831,27620.932,85969.959,844.994,US.1
832,27637.727,85977.722,847.396,US.1
833,27636.167,85980.441,847.766,US.1
834,27633.482,85985.606,847.124,US.1
835,27630.358,85989.831,847.921,US.1
836,27627.482,85994.466,847.639,US.1
837,27651.048,85998.666,850.469,US.1
838,27649.023,86001.391,851.324,US.1
839,27647.249,86004.040,850.892,US.1
840,27647.531,86006.685,851.148,US.1
841,27646.297,86008.720,851.315,US.1
842,27640.930,86012.687,852.175,US.1
843,27669.352,86048.794,859.281,US.1
844,27659.512,86031.548,856.247,US.1
845,27664.781,86027.576,855.525,US.1
846,27667.232,86026.182,855.041,US.1
847,27669.986,86024.135,855.277,US.1
848,27686.979,86045.595,860.093,US.1
849,27683.798,86046.720,859.697,US.1
850,27678.948,86048.206,859.217,US.1
851,27675.520,86049.401,859.457,US.1
852,27671.858,86049.672,859.121,US.1
